,year,Tave MIR,Tave MPI,Tave NOR,Tmax,Tmax.1,Tmax.2,Tmin,Tmin.1,Tmin.2,city
0,1950-01-01,19.6,19.6,19.6,24.6,24.6,24.6,14.7,14.7,14.7,Charleroi
1,1951-01-01,17.8,17.8,17.8,22.5,22.5,22.5,13.4,13.4,13.4,Charleroi
2,1952-01-01,18.8,18.8,18.8,23.7,23.7,23.7,14.0,14.0,14.0,Charleroi
3,1953-01-01,17.4,17.4,17.4,21.9,21.9,21.9,13.4,13.4,13.4,Charleroi
4,1954-01-01,15.9,15.9,15.9,20.2,20.2,20.2,12.2,12.2,12.2,Charleroi
5,1955-01-01,18.1,18.1,18.1,22.6,22.6,22.6,13.9,13.9,13.9,Charleroi
6,1956-01-01,15.7,15.7,15.7,19.9,19.9,19.9,12.0,12.0,12.0,Charleroi
7,1957-01-01,17.9,17.9,17.9,22.4,22.4,22.4,13.7,13.7,13.7,Charleroi
8,1958-01-01,17.1,17.1,17.1,21.5,21.5,21.5,13.2,13.2,13.2,Charleroi
9,1959-01-01,19.0,19.0,19.0,24.3,24.3,24.3,13.8,13.8,13.8,Charleroi
10,1960-01-01,16.7,16.7,16.7,21.1,21.1,21.1,12.8,12.8,12.8,Charleroi
11,1961-01-01,16.9,16.9,16.9,21.3,21.3,21.3,12.6,12.6,12.6,Charleroi
12,1962-01-01,16.2,16.2,16.2,20.8,20.8,20.8,11.8,11.8,11.8,Charleroi
13,1963-01-01,16.7,16.7,16.7,21.0,21.0,21.0,13.0,13.0,13.0,Charleroi
14,1964-01-01,17.9,17.9,17.9,22.6,22.6,22.6,13.3,13.3,13.3,Charleroi
15,1965-01-01,15.8,15.8,15.8,19.8,19.8,19.8,12.3,12.3,12.3,Charleroi
16,1966-01-01,16.5,16.5,16.5,20.7,20.7,20.7,12.8,12.8,12.8,Charleroi
17,1967-01-01,17.9,17.9,17.9,22.3,22.3,22.3,13.7,13.7,13.7,Charleroi
18,1968-01-01,16.3,16.3,16.3,20.3,20.3,20.3,12.9,12.9,12.9,Charleroi
19,1969-01-01,17.5,17.5,17.5,21.6,21.6,21.6,13.8,13.8,13.8,Charleroi
20,1970-01-01,17.5,17.5,17.5,21.6,21.6,21.6,13.6,13.6,13.6,Charleroi
21,1971-01-01,17.3,17.3,17.3,21.5,21.5,21.5,13.4,13.4,13.4,Charleroi
22,1972-01-01,15.5,15.5,15.5,19.2,19.2,19.2,12.4,12.4,12.4,Charleroi
23,1973-01-01,18.3,18.3,18.3,22.9,22.9,22.9,14.1,14.1,14.1,Charleroi
24,1974-01-01,16.5,16.5,16.5,20.9,20.9,20.9,12.6,12.6,12.6,Charleroi
25,1975-01-01,18.2,18.2,18.2,22.7,22.7,22.7,14.0,14.0,14.0,Charleroi
26,1976-01-01,19.7,19.7,19.7,24.8,24.8,24.8,14.5,14.5,14.5,Charleroi
27,1977-01-01,15.8,15.8,15.8,19.3,19.3,19.3,12.5,12.5,12.5,Charleroi
28,1978-01-01,15.2,15.2,15.2,19.0,19.0,19.0,11.8,11.8,11.8,Charleroi
29,1979-01-01,16.1,16.1,16.1,20.4,20.4,20.4,12.4,12.4,12.4,Charleroi
30,1980-01-01,15.5,15.5,15.5,19.3,19.3,19.3,12.3,12.3,12.3,Charleroi
31,1981-01-01,15.9,15.9,15.9,19.6,19.6,19.6,12.8,12.8,12.8,Charleroi
32,1982-01-01,17.7,17.7,17.7,22.0,22.0,22.0,14.2,14.2,14.2,Charleroi
33,1983-01-01,19.3,19.3,19.3,24.2,24.2,24.2,14.9,14.9,14.9,Charleroi
34,1984-01-01,16.5,16.5,16.5,20.8,20.8,20.8,12.6,12.6,12.6,Charleroi
35,1985-01-01,16.5,16.5,16.5,20.8,20.8,20.8,12.6,12.6,12.6,Charleroi
36,1986-01-01,17.1,17.1,17.1,21.4,21.4,21.4,13.2,13.2,13.2,Charleroi
37,1987-01-01,15.8,15.8,15.8,19.3,19.3,19.3,12.6,12.6,12.6,Charleroi
38,1988-01-01,16.1,16.1,16.1,20.1,20.1,20.1,12.7,12.7,12.7,Charleroi
39,1989-01-01,18.1,18.1,18.1,22.7,22.7,22.7,13.7,13.7,13.7,Charleroi
40,1990-01-01,18.0,18.0,18.0,22.7,22.7,22.7,13.3,13.3,13.3,Charleroi
41,1991-01-01,17.4,17.4,17.4,21.8,21.8,21.8,13.5,13.5,13.5,Charleroi
42,1992-01-01,17.9,17.9,17.9,22.1,22.1,22.1,14.1,14.1,14.1,Charleroi
43,1993-01-01,16.9,16.9,16.9,21.4,21.4,21.4,12.9,12.9,12.9,Charleroi
44,1994-01-01,19.1,19.1,19.1,24.0,24.0,24.0,14.5,14.5,14.5,Charleroi
45,1995-01-01,18.7,18.7,18.7,23.3,23.3,23.3,14.4,14.4,14.4,Charleroi
46,1996-01-01,17.0,17.0,17.0,21.4,21.4,21.4,12.9,12.9,12.9,Charleroi
47,1997-01-01,18.2,18.2,18.2,22.6,22.6,22.6,14.4,14.4,14.4,Charleroi
48,1998-01-01,16.8,16.8,16.8,21.0,21.0,21.0,13.0,13.0,13.0,Charleroi
49,1999-01-01,18.2,18.2,18.2,22.8,22.8,22.8,13.9,13.9,13.9,Charleroi
50,2000-01-01,16.7,16.7,16.7,21.0,21.0,21.0,13.1,13.1,13.1,Charleroi
51,2001-01-01,17.9,17.9,17.9,22.4,22.4,22.4,13.9,13.9,13.9,Charleroi
52,2002-01-01,17.9,17.9,17.9,22.1,22.1,22.1,14.2,14.2,14.2,Charleroi
53,2003-01-01,20.6,20.6,20.6,25.4,25.4,25.4,15.8,15.8,15.8,Charleroi
54,2004-01-01,17.6,17.6,17.6,21.8,21.8,21.8,13.9,13.9,13.9,Charleroi
55,2005-01-01,17.7,17.7,17.7,22.2,22.2,22.2,13.6,13.6,13.6,Charleroi
56,2006-01-01,18.8,18.8,18.8,23.1,23.1,23.1,14.8,14.8,14.8,Charleroi
57,2007-01-01,17.1,17.1,17.1,21.2,21.2,21.2,13.7,13.7,13.7,Charleroi
58,2008-01-01,17.6,17.6,17.6,21.8,21.8,21.8,13.8,13.8,13.8,Charleroi
59,2009-01-01,18.5,18.5,18.5,23.3,23.3,23.3,14.1,14.1,14.1,Charleroi
60,2010-01-01,18.4,18.4,18.4,22.9,22.9,22.9,14.3,14.3,14.3,Charleroi
61,2011-01-01,16.7,16.7,16.7,21.0,21.0,21.0,12.9,12.9,12.9,Charleroi
62,2012-01-01,17.7,17.7,17.7,22.2,22.2,22.2,13.9,13.9,13.9,Charleroi
63,2013-01-01,18.8,18.8,18.8,23.4,23.4,23.4,14.5,14.5,14.5,Charleroi
64,2014-01-01,17.4,17.4,17.4,21.5,21.5,21.5,13.8,13.8,13.8,Charleroi
65,2015-01-01,19.0,19.0,19.0,24.0,24.0,24.0,14.4,14.4,14.4,Charleroi
66,2016-01-01,18.5,18.5,18.5,22.6,22.6,22.6,14.9,14.9,14.9,Charleroi
67,2017-01-01,19.5,19.5,19.5,24.2,24.2,24.2,15.1,15.1,15.1,Charleroi
68,2018-01-01,20.2,20.2,20.2,25.1,25.1,25.1,15.6,15.6,15.6,Charleroi
69,2019-01-01,20.1,20.1,20.1,25.3,25.3,25.3,15.2,15.2,15.2,Charleroi
70,2020-01-01,19.2,19.2,19.2,23.9,23.9,23.9,15.0,15.0,15.0,Charleroi
71,2021-01-01,17.9,17.9,17.9,21.7,21.7,21.7,14.5,14.5,14.5,Charleroi
72,2022-01-01,20.4,20.4,20.4,25.6,25.6,25.6,15.2,15.2,15.2,Charleroi
73,2023-01-01,19.3870967741936,18.1064516129032,18.4322580645161,23.9967741935484,22.5516129032258,22.9451612903226,15.058064516129,14.0677419354839,14.4870967741935,Charleroi
74,2024-01-01,18.2870967741936,21.5064516129032,16.4322580645161,22.4967741935484,26.1516129032258,20.2451612903226,14.558064516129,16.9677419354839,13.1870967741935,Charleroi
75,2025-01-01,17.2870967741936,19.9064516129032,18.5322580645161,21.4967741935484,24.6516129032258,23.0451612903226,13.258064516129,15.4677419354839,14.0870967741935,Charleroi
76,2026-01-01,19.6870967741936,18.9064516129032,16.7322580645161,24.1967741935484,23.4516129032258,20.6451612903226,15.758064516129,14.6677419354839,13.3870967741935,Charleroi
77,2027-01-01,17.3870967741936,17.3064516129032,18.9322580645161,21.7967741935484,21.5516129032258,23.3451612903226,13.558064516129,13.3677419354839,14.7870967741935,Charleroi
78,2028-01-01,18.0870967741936,16.2064516129032,18.0322580645161,22.4967741935484,20.0516129032258,22.3451612903226,14.158064516129,12.9677419354839,13.9870967741935,Charleroi
79,2029-01-01,19.3870967741936,18.4064516129032,18.2322580645161,23.8967741935484,23.1516129032258,22.2451612903226,15.358064516129,14.0677419354839,14.5870967741935,Charleroi
80,2030-01-01,19.4870967741936,19.1064516129032,17.4322580645161,23.9967741935484,24.0516129032258,21.6451612903226,15.358064516129,14.4677419354839,13.6870967741935,Charleroi
81,2031-01-01,18.4870967741936,19.8064516129032,18.5322580645161,23.1967741935484,24.6516129032258,22.7451612903226,14.158064516129,15.1677419354839,14.4870967741935,Charleroi
82,2032-01-01,18.9870967741936,20.1064516129032,18.2322580645161,23.3967741935484,24.7516129032258,22.7451612903226,14.958064516129,15.6677419354839,13.8870967741935,Charleroi
83,2033-01-01,18.6870967741936,17.3064516129032,19.8322580645161,23.2967741935484,21.2516129032258,24.5451612903226,14.558064516129,13.8677419354839,15.5870967741935,Charleroi
84,2034-01-01,19.4870967741936,20.2064516129032,17.1322580645161,23.8967741935484,25.1516129032258,20.9451612903226,15.258064516129,15.7677419354839,13.8870967741935,Charleroi
85,2035-01-01,19.5870967741936,17.3064516129032,18.5322580645161,24.0967741935484,21.5516129032258,23.0451612903226,15.458064516129,13.7677419354839,14.1870967741935,Charleroi
86,2036-01-01,18.7870967741936,18.2064516129032,20.4322580645161,23.2967741935484,22.3516129032258,25.0451612903226,14.658064516129,14.5677419354839,15.9870967741935,Charleroi
87,2037-01-01,19.0870967741936,18.1064516129032,18.7322580645161,23.1967741935484,22.4516129032258,23.0451612903226,15.258064516129,14.2677419354839,14.5870967741935,Charleroi
88,2038-01-01,18.7870967741936,17.5064516129032,18.2322580645161,22.9967741935484,21.9516129032258,22.3451612903226,14.858064516129,13.6677419354839,14.5870967741935,Charleroi
89,2039-01-01,19.2870967741936,17.6064516129032,18.7322580645161,23.6967741935484,21.9516129032258,23.1451612903226,15.458064516129,13.8677419354839,14.6870967741935,Charleroi
90,2040-01-01,19.2870967741936,18.0064516129032,16.3322580645161,23.7967741935484,22.4516129032258,20.1451612903226,15.258064516129,13.8677419354839,12.9870967741935,Charleroi
91,2041-01-01,20.0870967741936,20.0064516129032,17.5322580645161,24.8967741935484,25.1516129032258,21.9451612903226,15.658064516129,14.7677419354839,13.7870967741935,Charleroi
92,2042-01-01,18.4870967741936,18.8064516129032,17.3322580645161,22.9967741935484,23.4516129032258,21.3451612903226,14.558064516129,14.7677419354839,13.4870967741935,Charleroi
93,2043-01-01,19.3870967741936,19.0064516129032,21.0322580645161,23.5967741935484,23.6516129032258,25.7451612903226,15.658064516129,14.6677419354839,16.8870967741936,Charleroi
94,2044-01-01,18.6870967741936,19.4064516129032,18.8322580645161,23.3967741935484,24.1516129032258,23.3451612903226,14.258064516129,14.9677419354839,14.4870967741935,Charleroi
95,2045-01-01,19.1870967741936,18.5064516129032,18.9322580645161,23.3967741935484,23.4516129032258,23.3451612903226,15.558064516129,13.8677419354839,14.8870967741935,Charleroi
96,2046-01-01,19.3870967741936,19.5064516129032,19.1322580645161,24.1967741935484,24.0516129032258,23.5451612903226,14.558064516129,15.3677419354839,15.1870967741935,Charleroi
97,2047-01-01,20.3870967741936,18.8064516129032,18.3322580645161,24.9967741935484,23.3516129032258,22.1451612903226,16.158064516129,14.6677419354839,15.2870967741935,Charleroi
98,2048-01-01,18.9870967741936,17.8064516129032,17.9322580645161,23.8967741935484,22.2516129032258,22.0451612903226,14.458064516129,13.9677419354839,14.4870967741935,Charleroi
99,2049-01-01,19.7870967741936,19.7064516129032,19.1322580645161,24.4967741935484,24.7516129032258,23.3451612903226,15.258064516129,14.9677419354839,15.1870967741935,Charleroi
100,2050-01-01,20.3870967741936,21.4064516129032,20.5322580645161,24.9967741935484,26.2516129032258,25.4451612903226,16.058064516129,16.3677419354839,15.5870967741935,Charleroi
101,2051-01-01,19.3870967741936,19.1064516129032,18.9322580645161,23.6967741935484,23.6516129032258,23.1451612903226,15.458064516129,15.0677419354839,14.9870967741935,Charleroi
102,2052-01-01,19.2870967741936,19.9064516129032,18.9322580645161,23.6967741935484,24.9516129032258,23.3451612903226,15.358064516129,15.1677419354839,14.8870967741935,Charleroi
103,2053-01-01,20.4870967741936,20.2064516129032,17.1322580645161,24.9967741935484,24.6516129032258,20.7451612903226,16.458064516129,16.1677419354839,13.8870967741935,Charleroi
104,2054-01-01,19.4870967741936,21.3064516129032,18.6322580645161,23.4967741935484,26.0516129032258,22.3451612903226,16.258064516129,16.7677419354839,15.1870967741935,Charleroi
105,2055-01-01,18.4870967741936,19.0064516129032,21.1322580645161,22.5967741935484,23.3516129032258,26.0451612903226,14.858064516129,15.0677419354839,16.4870967741935,Charleroi
106,2056-01-01,19.6870967741936,18.0064516129032,22.3322580645161,23.9967741935484,22.3516129032258,27.3451612903226,15.958064516129,13.8677419354839,17.4870967741935,Charleroi
107,2057-01-01,20.4870967741936,18.7064516129032,20.0322580645161,24.6967741935484,23.2516129032258,24.4451612903226,16.758064516129,14.4677419354839,16.0870967741935,Charleroi
108,2058-01-01,20.6870967741936,19.6064516129032,20.5322580645161,25.3967741935484,24.4516129032258,25.0451612903226,16.458064516129,15.2677419354839,16.3870967741936,Charleroi
109,2059-01-01,18.4870967741936,20.9064516129032,19.6322580645161,22.9967741935484,25.6516129032258,24.2451612903226,14.558064516129,16.6677419354839,15.4870967741935,Charleroi
110,2060-01-01,21.8870967741936,17.4064516129032,20.2322580645161,26.7967741935484,21.7516129032258,25.2451612903226,17.058064516129,13.5677419354839,15.5870967741935,Charleroi
111,2061-01-01,19.8870967741936,20.2064516129032,20.2322580645161,24.2967741935484,24.9516129032258,24.6451612903226,15.758064516129,15.2677419354839,16.2870967741936,Charleroi
112,2062-01-01,18.7870967741936,20.6064516129032,20.2322580645161,23.5967741935484,25.6516129032258,24.8451612903226,14.358064516129,15.5677419354839,15.5870967741935,Charleroi
113,2063-01-01,20.8870967741936,22.0064516129032,17.9322580645161,25.5967741935484,27.4516129032258,21.8451612903226,16.558064516129,16.5677419354839,14.4870967741935,Charleroi
114,2064-01-01,20.0870967741936,17.6064516129032,21.9322580645161,24.6967741935484,21.6516129032258,27.1451612903226,15.658064516129,14.4677419354839,16.8870967741936,Charleroi
115,2065-01-01,19.1870967741936,18.9064516129032,20.7322580645161,23.6967741935484,23.7516129032258,25.4451612903226,14.858064516129,14.4677419354839,16.1870967741936,Charleroi
116,2066-01-01,20.2870967741936,19.4064516129032,20.8322580645161,24.7967741935484,24.1516129032258,25.7451612903226,15.958064516129,14.9677419354839,15.9870967741935,Charleroi
117,2067-01-01,23.1870967741936,19.7064516129032,19.6322580645161,28.2967741935484,24.5516129032258,24.5451612903226,18.358064516129,15.2677419354839,14.8870967741935,Charleroi
118,2068-01-01,20.0870967741936,18.8064516129032,21.5322580645161,25.0967741935484,23.4516129032258,26.3451612903226,15.558064516129,14.4677419354839,16.8870967741936,Charleroi
119,2069-01-01,20.7870967741936,19.0064516129032,19.6322580645161,25.4967741935484,23.4516129032258,23.9451612903226,16.358064516129,14.8677419354839,15.8870967741935,Charleroi
120,2070-01-01,20.9870967741936,20.3064516129032,21.0322580645161,25.3967741935484,25.0516129032258,25.7451612903226,16.858064516129,15.9677419354839,16.6870967741936,Charleroi
121,2071-01-01,20.3870967741936,18.9064516129032,19.1322580645161,24.7967741935484,23.5516129032258,23.7451612903226,16.458064516129,14.5677419354839,15.1870967741935,Charleroi
122,2072-01-01,20.4870967741936,19.6064516129032,19.5322580645161,24.6967741935484,24.1516129032258,24.2451612903226,16.858064516129,15.4677419354839,14.9870967741935,Charleroi
123,2073-01-01,21.2870967741936,23.2064516129032,19.1322580645161,25.9967741935484,28.3516129032258,23.3451612903226,17.158064516129,18.3677419354839,15.2870967741935,Charleroi
124,2074-01-01,19.4870967741936,22.1064516129032,19.5322580645161,23.5967741935484,26.9516129032258,24.2451612903226,15.858064516129,17.4677419354839,14.9870967741935,Charleroi
125,2075-01-01,19.8870967741936,21.9064516129032,21.9322580645161,24.5967741935484,27.2516129032258,26.9451612903226,15.758064516129,16.6677419354839,17.3870967741936,Charleroi
126,2076-01-01,19.8870967741936,19.6064516129032,20.2322580645161,24.4967741935484,24.0516129032258,24.7451612903226,15.558064516129,15.3677419354839,16.0870967741935,Charleroi
127,2077-01-01,22.6870967741936,19.7064516129032,17.1322580645161,27.3967741935484,24.1516129032258,21.0451612903226,18.258064516129,15.4677419354839,13.7870967741935,Charleroi
128,2078-01-01,20.6870967741936,18.8064516129032,18.7322580645161,25.2967741935484,23.1516129032258,23.0451612903226,16.258064516129,14.9677419354839,14.8870967741935,Charleroi
129,2079-01-01,22.2870967741936,19.8064516129032,19.8322580645161,27.2967741935484,24.3516129032258,24.5451612903226,17.958064516129,15.4677419354839,15.5870967741935,Charleroi
130,2080-01-01,22.2870967741936,20.6064516129032,20.7322580645161,27.0967741935484,25.5516129032258,25.2451612903226,17.658064516129,15.9677419354839,16.3870967741936,Charleroi
131,2081-01-01,20.5870967741936,19.3064516129032,17.5322580645161,25.0967741935484,23.6516129032258,21.3451612903226,16.458064516129,15.2677419354839,14.2870967741935,Charleroi
132,2082-01-01,19.6870967741936,20.2064516129032,21.3322580645161,23.9967741935484,25.1516129032258,26.3451612903226,16.058064516129,15.4677419354839,16.2870967741936,Charleroi
133,2083-01-01,19.0870967741936,21.3064516129032,21.8322580645161,23.0967741935484,26.0516129032258,26.5451612903226,15.558064516129,17.0677419354839,17.0870967741935,Charleroi
134,2084-01-01,20.8870967741936,18.7064516129032,21.1322580645161,25.5967741935484,22.7516129032258,25.7451612903226,16.358064516129,15.1677419354839,16.8870967741936,Charleroi
135,2085-01-01,21.0870967741936,22.2064516129032,24.3322580645161,25.5967741935484,27.0516129032258,29.3451612903226,17.058064516129,17.3677419354839,19.4870967741935,Charleroi
136,2086-01-01,21.6870967741936,20.7064516129032,20.9322580645161,26.4967741935484,25.3516129032258,25.5451612903226,17.058064516129,16.3677419354839,16.4870967741935,Charleroi
137,2087-01-01,21.5870967741936,21.0064516129032,21.1322580645161,26.3967741935484,25.8516129032258,26.2451612903226,16.958064516129,16.1677419354839,15.9870967741935,Charleroi
138,2088-01-01,21.4870967741936,20.1064516129032,18.3322580645161,26.4967741935484,24.9516129032258,22.4451612903226,16.658064516129,15.8677419354839,14.5870967741935,Charleroi
139,2089-01-01,22.1870967741936,22.2064516129032,22.1322580645161,27.0967741935484,26.9516129032258,26.9451612903226,17.558064516129,17.5677419354839,17.6870967741936,Charleroi
140,2090-01-01,22.7870967741936,18.7064516129032,21.9322580645161,27.3967741935484,22.9516129032258,27.1451612903226,18.658064516129,14.7677419354839,16.6870967741936,Charleroi
141,2091-01-01,21.3870967741936,18.7064516129032,19.6322580645161,25.9967741935484,22.7516129032258,23.7451612903226,17.258064516129,15.3677419354839,16.3870967741936,Charleroi
142,2092-01-01,21.2870967741936,19.6064516129032,19.9322580645161,26.0967741935484,24.0516129032258,24.2451612903226,16.958064516129,15.4677419354839,15.9870967741935,Charleroi
143,2093-01-01,20.8870967741936,21.5064516129032,23.2322580645161,25.8967741935484,26.4516129032258,28.5451612903226,15.958064516129,16.5677419354839,18.1870967741936,Charleroi
144,2094-01-01,21.2870967741936,22.7064516129032,20.6322580645161,26.0967741935484,27.9516129032258,25.1451612903226,16.958064516129,17.5677419354839,16.5870967741935,Charleroi
145,2095-01-01,21.8870967741936,21.0064516129032,22.6322580645161,26.6967741935484,25.6516129032258,27.0451612903226,17.458064516129,16.7677419354839,18.5870967741935,Charleroi
146,2096-01-01,21.8870967741936,20.3064516129032,21.5322580645161,26.5967741935484,24.9516129032258,26.6451612903226,17.358064516129,16.1677419354839,16.6870967741936,Charleroi
147,2097-01-01,20.9870967741936,19.9064516129032,21.5322580645161,25.5967741935484,24.2516129032258,26.1451612903226,16.758064516129,15.8677419354839,17.1870967741936,Charleroi
148,2098-01-01,21.7870967741936,21.8064516129032,20.9322580645161,26.0967741935484,26.4516129032258,25.2451612903226,17.758064516129,17.4677419354839,16.7870967741936,Charleroi
149,2099-01-01,20.9870967741936,21.4064516129032,21.5322580645161,25.4967741935484,26.0516129032258,26.1451612903226,16.958064516129,17.3677419354839,16.9870967741935,Charleroi
150,2100-01-01,21.1870967741936,22.0064516129032,22.4322580645161,25.4967741935484,27.2516129032258,27.0451612903226,17.358064516129,16.7677419354839,18.1870967741936,Charleroi
151,1950-01-01,19.9,19.9,19.9,24.7,24.7,24.7,15.3,15.3,15.3,Liège
152,1951-01-01,18.4,18.4,18.4,23.0,23.0,23.0,14.1,14.1,14.1,Liège
153,1952-01-01,19.2,19.2,19.2,23.9,23.9,23.9,14.5,14.5,14.5,Liège
154,1953-01-01,17.7,17.7,17.7,21.9,21.9,21.9,13.9,13.9,13.9,Liège
155,1954-01-01,16.1,16.1,16.1,20.3,20.3,20.3,12.7,12.7,12.7,Liège
156,1955-01-01,18.2,18.2,18.2,22.7,22.7,22.7,14.1,14.1,14.1,Liège
157,1956-01-01,15.9,15.9,15.9,19.9,19.9,19.9,12.2,12.2,12.2,Liège
158,1957-01-01,18.3,18.3,18.3,22.8,22.8,22.8,14.2,14.2,14.2,Liège
159,1958-01-01,17.8,17.8,17.8,22.1,22.1,22.1,13.7,13.7,13.7,Liège
160,1959-01-01,19.6,19.6,19.6,24.8,24.8,24.8,14.6,14.6,14.6,Liège
161,1960-01-01,16.9,16.9,16.9,21.2,21.2,21.2,13.1,13.1,13.1,Liège
162,1961-01-01,17.0,17.0,17.0,21.3,21.3,21.3,13.0,13.0,13.0,Liège
163,1962-01-01,16.5,16.5,16.5,21.1,21.1,21.1,12.3,12.3,12.3,Liège
164,1963-01-01,17.1,17.1,17.1,21.3,21.3,21.3,13.4,13.4,13.4,Liège
165,1964-01-01,18.4,18.4,18.4,23.1,23.1,23.1,13.8,13.8,13.8,Liège
166,1965-01-01,15.9,15.9,15.9,19.6,19.6,19.6,12.5,12.5,12.5,Liège
167,1966-01-01,16.6,16.6,16.6,20.8,20.8,20.8,13.0,13.0,13.0,Liège
168,1967-01-01,18.2,18.2,18.2,22.6,22.6,22.6,14.0,14.0,14.0,Liège
169,1968-01-01,16.6,16.6,16.6,20.5,20.5,20.5,13.2,13.2,13.2,Liège
170,1969-01-01,17.6,17.6,17.6,21.5,21.5,21.5,14.1,14.1,14.1,Liège
171,1970-01-01,17.7,17.7,17.7,21.9,21.9,21.9,13.8,13.8,13.8,Liège
172,1971-01-01,17.7,17.7,17.7,21.9,21.9,21.9,13.8,13.8,13.8,Liège
173,1972-01-01,15.7,15.7,15.7,19.3,19.3,19.3,12.7,12.7,12.7,Liège
174,1973-01-01,18.7,18.7,18.7,23.2,23.2,23.2,14.5,14.5,14.5,Liège
175,1974-01-01,16.8,16.8,16.8,21.1,21.1,21.1,12.9,12.9,12.9,Liège
176,1975-01-01,18.6,18.6,18.6,23.1,23.1,23.1,14.4,14.4,14.4,Liège
177,1976-01-01,19.9,19.9,19.9,24.9,24.9,24.9,15.0,15.0,15.0,Liège
178,1977-01-01,16.1,16.1,16.1,19.7,19.7,19.7,13.0,13.0,13.0,Liège
179,1978-01-01,15.6,15.6,15.6,19.5,19.5,19.5,12.3,12.3,12.3,Liège
180,1979-01-01,16.4,16.4,16.4,20.5,20.5,20.5,12.8,12.8,12.8,Liège
181,1980-01-01,15.8,15.8,15.8,19.4,19.4,19.4,12.8,12.8,12.8,Liège
182,1981-01-01,16.2,16.2,16.2,19.9,19.9,19.9,13.0,13.0,13.0,Liège
183,1982-01-01,18.2,18.2,18.2,22.3,22.3,22.3,14.6,14.6,14.6,Liège
184,1983-01-01,19.5,19.5,19.5,24.2,24.2,24.2,15.3,15.3,15.3,Liège
185,1984-01-01,16.5,16.5,16.5,20.7,20.7,20.7,12.7,12.7,12.7,Liège
186,1985-01-01,16.6,16.6,16.6,20.9,20.9,20.9,12.8,12.8,12.8,Liège
187,1986-01-01,17.6,17.6,17.6,21.8,21.8,21.8,13.6,13.6,13.6,Liège
188,1987-01-01,16.0,16.0,16.0,19.5,19.5,19.5,13.0,13.0,13.0,Liège
189,1988-01-01,16.5,16.5,16.5,20.3,20.3,20.3,13.1,13.1,13.1,Liège
190,1989-01-01,18.3,18.3,18.3,22.9,22.9,22.9,14.1,14.1,14.1,Liège
191,1990-01-01,18.2,18.2,18.2,22.8,22.8,22.8,13.7,13.7,13.7,Liège
192,1991-01-01,17.9,17.9,17.9,22.2,22.2,22.2,14.0,14.0,14.0,Liège
193,1992-01-01,18.6,18.6,18.6,22.7,22.7,22.7,14.6,14.6,14.6,Liège
194,1993-01-01,17.2,17.2,17.2,21.6,21.6,21.6,13.3,13.3,13.3,Liège
195,1994-01-01,19.6,19.6,19.6,24.3,24.3,24.3,15.2,15.2,15.2,Liège
196,1995-01-01,18.9,18.9,18.9,23.4,23.4,23.4,14.7,14.7,14.7,Liège
197,1996-01-01,17.2,17.2,17.2,21.5,21.5,21.5,13.2,13.2,13.2,Liège
198,1997-01-01,18.4,18.4,18.4,22.7,22.7,22.7,14.8,14.8,14.8,Liège
199,1998-01-01,17.1,17.1,17.1,21.1,21.1,21.1,13.5,13.5,13.5,Liège
200,1999-01-01,18.6,18.6,18.6,23.1,23.1,23.1,14.4,14.4,14.4,Liège
201,2000-01-01,16.8,16.8,16.8,20.8,20.8,20.8,13.3,13.3,13.3,Liège
202,2001-01-01,18.3,18.3,18.3,22.8,22.8,22.8,14.2,14.2,14.2,Liège
203,2002-01-01,18.2,18.2,18.2,22.3,22.3,22.3,14.7,14.7,14.7,Liège
204,2003-01-01,20.8,20.8,20.8,25.4,25.4,25.4,16.2,16.2,16.2,Liège
205,2004-01-01,17.8,17.8,17.8,22.0,22.0,22.0,14.2,14.2,14.2,Liège
206,2005-01-01,17.9,17.9,17.9,22.3,22.3,22.3,14.0,14.0,14.0,Liège
207,2006-01-01,19.1,19.1,19.1,23.6,23.6,23.6,15.0,15.0,15.0,Liège
208,2007-01-01,17.5,17.5,17.5,21.4,21.4,21.4,14.1,14.1,14.1,Liège
209,2008-01-01,17.8,17.8,17.8,21.8,21.8,21.8,14.2,14.2,14.2,Liège
210,2009-01-01,18.6,18.6,18.6,23.2,23.2,23.2,14.4,14.4,14.4,Liège
211,2010-01-01,19.1,19.1,19.1,23.5,23.5,23.5,14.9,14.9,14.9,Liège
212,2011-01-01,17.1,17.1,17.1,21.2,21.2,21.2,13.6,13.6,13.6,Liège
213,2012-01-01,18.1,18.1,18.1,22.4,22.4,22.4,14.3,14.3,14.3,Liège
214,2013-01-01,19.1,19.1,19.1,23.7,23.7,23.7,14.8,14.8,14.8,Liège
215,2014-01-01,17.7,17.7,17.7,21.8,21.8,21.8,14.2,14.2,14.2,Liège
216,2015-01-01,19.4,19.4,19.4,24.2,24.2,24.2,15.0,15.0,15.0,Liège
217,2016-01-01,18.7,18.7,18.7,22.8,22.8,22.8,15.1,15.1,15.1,Liège
218,2017-01-01,19.6,19.6,19.6,24.0,24.0,24.0,15.5,15.5,15.5,Liège
219,2018-01-01,20.7,20.7,20.7,25.4,25.4,25.4,16.1,16.1,16.1,Liège
220,2019-01-01,20.6,20.6,20.6,25.7,25.7,25.7,15.9,15.9,15.9,Liège
221,2020-01-01,19.5,19.5,19.5,24.3,24.3,24.3,15.2,15.2,15.2,Liège
222,2021-01-01,18.2,18.2,18.2,22.0,22.0,22.0,14.9,14.9,14.9,Liège
223,2022-01-01,20.8,20.8,20.8,25.7,25.7,25.7,15.9,15.9,15.9,Liège
224,2023-01-01,19.7483870967742,18.7290322580645,18.8225806451613,24.4129032258065,23.1064516129032,23.1516129032258,15.4709677419355,14.641935483871,14.9322580645161,Liège
225,2024-01-01,18.6483870967742,21.9290322580645,16.6225806451613,22.6129032258065,26.4064516129032,20.2516129032258,15.0709677419355,17.541935483871,13.4322580645161,Liège
226,2025-01-01,17.7483870967742,20.3290322580645,18.9225806451613,21.9129032258065,24.9064516129032,23.5516129032258,13.7709677419355,16.141935483871,14.5322580645161,Liège
227,2026-01-01,20.0483870967742,19.1290322580645,17.1225806451613,24.6129032258065,23.6064516129032,20.9516129032258,16.1709677419355,14.941935483871,13.7322580645161,Liège
228,2027-01-01,17.7483870967742,17.5290322580645,19.4225806451613,22.0129032258065,21.8064516129032,23.8516129032258,13.9709677419355,13.741935483871,15.3322580645161,Liège
229,2028-01-01,18.2483870967742,16.4290322580645,18.3225806451613,22.5129032258065,20.2064516129032,22.5516129032258,14.4709677419355,13.241935483871,14.3322580645161,Liège
230,2029-01-01,20.0483870967742,18.8290322580645,18.3225806451613,24.5129032258065,23.6064516129032,22.3516129032258,15.8709677419355,14.341935483871,14.7322580645161,Liège
231,2030-01-01,19.9483870967742,19.4290322580645,17.8225806451613,24.2129032258065,24.3064516129032,21.9516129032258,15.9709677419355,14.841935483871,14.0322580645161,Liège
232,2031-01-01,18.9483870967742,20.2290322580645,19.0225806451613,23.6129032258065,25.1064516129032,23.0516129032258,14.6709677419355,15.641935483871,15.3322580645161,Liège
233,2032-01-01,19.5483870967742,20.4290322580645,18.5225806451613,23.9129032258065,24.8064516129032,23.1516129032258,15.5709677419355,16.041935483871,14.2322580645161,Liège
234,2033-01-01,19.0483870967742,17.5290322580645,20.6225806451613,23.5129032258065,21.4064516129032,24.9516129032258,14.9709677419355,14.141935483871,16.5322580645161,Liège
235,2034-01-01,19.7483870967742,20.5290322580645,17.4225806451613,24.1129032258065,25.2064516129032,21.1516129032258,15.6709677419355,16.241935483871,14.2322580645161,Liège
236,2035-01-01,20.1483870967742,17.5290322580645,18.7225806451613,24.5129032258065,21.6064516129032,23.0516129032258,16.0709677419355,14.241935483871,14.4322580645161,Liège
237,2036-01-01,19.2483870967742,18.9290322580645,20.8225806451613,23.8129032258065,23.0064516129032,25.2516129032258,15.1709677419355,15.141935483871,16.5322580645161,Liège
238,2037-01-01,19.5483870967742,18.4290322580645,19.2225806451613,23.7129032258065,22.6064516129032,23.5516129032258,15.6709677419355,14.541935483871,15.1322580645161,Liège
239,2038-01-01,19.3483870967742,18.0290322580645,18.4225806451613,23.7129032258065,22.3064516129032,22.4516129032258,15.3709677419355,14.241935483871,14.9322580645161,Liège
240,2039-01-01,19.8483870967742,17.7290322580645,19.2225806451613,24.1129032258065,22.0064516129032,23.5516129032258,15.9709677419355,14.041935483871,15.3322580645161,Liège
241,2040-01-01,19.8483870967742,18.2290322580645,16.7225806451613,24.3129032258065,22.6064516129032,20.4516129032258,15.9709677419355,14.041935483871,13.5322580645161,Liège
242,2041-01-01,20.5483870967742,20.3290322580645,17.9225806451613,25.2129032258065,25.4064516129032,22.2516129032258,16.1709677419355,15.341935483871,14.2322580645161,Liège
243,2042-01-01,18.8483870967742,19.1290322580645,17.5225806451613,23.1129032258065,23.6064516129032,21.4516129032258,14.9709677419355,15.241935483871,13.9322580645161,Liège
244,2043-01-01,19.3483870967742,19.2290322580645,21.4225806451613,23.4129032258065,23.8064516129032,25.9516129032258,15.7709677419355,15.041935483871,17.4322580645161,Liège
245,2044-01-01,19.0483870967742,19.8290322580645,19.0225806451613,23.7129032258065,24.3064516129032,23.3516129032258,14.7709677419355,15.541935483871,14.7322580645161,Liège
246,2045-01-01,19.6483870967742,18.7290322580645,19.5225806451613,23.7129032258065,23.5064516129032,23.9516129032258,16.1709677419355,14.341935483871,15.4322580645161,Liège
247,2046-01-01,19.7483870967742,19.8290322580645,19.5225806451613,24.5129032258065,24.3064516129032,23.8516129032258,14.9709677419355,15.741935483871,15.5322580645161,Liège
248,2047-01-01,20.8483870967742,19.0290322580645,18.6225806451613,25.4129032258065,23.5064516129032,22.3516129032258,16.8709677419355,14.841935483871,15.4322580645161,Liège
249,2048-01-01,19.4483870967742,17.9290322580645,18.1225806451613,24.1129032258065,22.2064516129032,22.1516129032258,15.0709677419355,14.141935483871,14.8322580645161,Liège
250,2049-01-01,20.3483870967742,20.0290322580645,19.5225806451613,25.0129032258065,24.8064516129032,23.8516129032258,15.8709677419355,15.341935483871,15.5322580645161,Liège
251,2050-01-01,20.9483870967742,21.7290322580645,20.9225806451613,25.5129032258065,26.5064516129032,25.7516129032258,16.7709677419355,16.941935483871,16.1322580645161,Liège
252,2051-01-01,20.0483870967742,19.4290322580645,19.2225806451613,24.4129032258065,23.9064516129032,23.3516129032258,16.0709677419355,15.441935483871,15.5322580645161,Liège
253,2052-01-01,19.7483870967742,20.1290322580645,19.3225806451613,23.9129032258065,25.0064516129032,23.6516129032258,15.7709677419355,15.441935483871,15.4322580645161,Liège
254,2053-01-01,20.9483870967742,20.6290322580645,17.3225806451613,25.4129032258065,24.9064516129032,20.9516129032258,17.0709677419355,16.641935483871,14.1322580645161,Liège
255,2054-01-01,19.7483870967742,21.6290322580645,19.2225806451613,23.6129032258065,26.1064516129032,22.9516129032258,16.5709677419355,17.141935483871,15.7322580645161,Liège
256,2055-01-01,18.8483870967742,19.4290322580645,21.6225806451613,23.0129032258065,23.7064516129032,26.4516129032258,15.2709677419355,15.441935483871,17.0322580645161,Liège
257,2056-01-01,20.0483870967742,18.0290322580645,22.6225806451613,24.3129032258065,22.2064516129032,27.4516129032258,16.3709677419355,14.141935483871,18.0322580645161,Liège
258,2057-01-01,20.6483870967742,18.8290322580645,20.4225806451613,24.9129032258065,23.2064516129032,24.8516129032258,17.0709677419355,14.741935483871,16.5322580645161,Liège
259,2058-01-01,21.1483870967742,20.0290322580645,21.0225806451613,25.7129032258065,24.6064516129032,25.4516129032258,16.8709677419355,15.941935483871,16.8322580645161,Liège
260,2059-01-01,18.7483870967742,21.2290322580645,20.2225806451613,23.1129032258065,25.7064516129032,24.6516129032258,14.7709677419355,17.041935483871,16.1322580645161,Liège
261,2060-01-01,22.5483870967742,17.8290322580645,20.7225806451613,27.3129032258065,22.0064516129032,25.4516129032258,17.8709677419355,14.141935483871,16.1322580645161,Liège
262,2061-01-01,20.2483870967742,20.7290322580645,20.6225806451613,24.5129032258065,25.6064516129032,24.8516129032258,16.3709677419355,15.841935483871,16.7322580645161,Liège
263,2062-01-01,19.1483870967742,21.1290322580645,20.6225806451613,23.8129032258065,26.3064516129032,25.2516129032258,14.6709677419355,16.141935483871,16.1322580645161,Liège
264,2063-01-01,21.3483870967742,22.6290322580645,18.3225806451613,26.0129032258065,28.0064516129032,22.1516129032258,17.0709677419355,17.041935483871,14.9322580645161,Liège
265,2064-01-01,20.7483870967742,18.0290322580645,22.4225806451613,25.1129032258065,21.7064516129032,27.5516129032258,16.5709677419355,15.041935483871,17.5322580645161,Liège
266,2065-01-01,19.5483870967742,19.1290322580645,21.2225806451613,23.9129032258065,23.7064516129032,25.8516129032258,15.3709677419355,14.941935483871,16.8322580645161,Liège
267,2066-01-01,20.7483870967742,20.1290322580645,21.4225806451613,25.3129032258065,24.7064516129032,25.9516129032258,16.6709677419355,15.641935483871,16.8322580645161,Liège
268,2067-01-01,23.8483870967742,20.2290322580645,20.3225806451613,28.8129032258065,24.8064516129032,25.2516129032258,19.0709677419355,16.041935483871,15.6322580645161,Liège
269,2068-01-01,20.6483870967742,19.1290322580645,21.8225806451613,25.5129032258065,23.6064516129032,26.5516129032258,16.1709677419355,14.941935483871,17.1322580645161,Liège
270,2069-01-01,21.3483870967742,19.5290322580645,20.1225806451613,25.9129032258065,24.0064516129032,24.4516129032258,16.9709677419355,15.241935483871,16.3322580645161,Liège
271,2070-01-01,21.4483870967742,20.5290322580645,21.4225806451613,25.9129032258065,25.3064516129032,26.1516129032258,17.4709677419355,16.041935483871,17.2322580645161,Liège
272,2071-01-01,20.9483870967742,19.1290322580645,19.8225806451613,25.3129032258065,23.7064516129032,24.1516129032258,16.8709677419355,14.741935483871,15.9322580645161,Liège
273,2072-01-01,21.0483870967742,20.0290322580645,19.9225806451613,25.2129032258065,24.5064516129032,24.6516129032258,17.4709677419355,15.841935483871,15.6322580645161,Liège
274,2073-01-01,21.9483870967742,23.4290322580645,19.6225806451613,26.4129032258065,28.4064516129032,23.7516129032258,17.8709677419355,18.641935483871,15.8322580645161,Liège
275,2074-01-01,19.6483870967742,22.5290322580645,20.0225806451613,23.7129032258065,27.4064516129032,24.6516129032258,16.2709677419355,17.841935483871,15.5322580645161,Liège
276,2075-01-01,20.4483870967742,22.1290322580645,22.2225806451613,25.1129032258065,27.5064516129032,27.1516129032258,16.2709677419355,16.941935483871,17.7322580645161,Liège
277,2076-01-01,20.2483870967742,20.0290322580645,20.7225806451613,24.8129032258065,24.6064516129032,25.0516129032258,15.9709677419355,15.841935483871,16.7322580645161,Liège
278,2077-01-01,22.9483870967742,19.9290322580645,17.7225806451613,27.6129032258065,24.1064516129032,21.4516129032258,18.6709677419355,15.841935483871,14.5322580645161,Liège
279,2078-01-01,21.1483870967742,19.0290322580645,19.1225806451613,25.8129032258065,23.1064516129032,23.0516129032258,16.7709677419355,15.341935483871,15.5322580645161,Liège
280,2079-01-01,22.9483870967742,20.3290322580645,20.2225806451613,27.6129032258065,24.7064516129032,24.6516129032258,18.7709677419355,16.041935483871,16.1322580645161,Liège
281,2080-01-01,22.9483870967742,20.9290322580645,21.3225806451613,27.6129032258065,25.7064516129032,25.7516129032258,18.3709677419355,16.341935483871,17.1322580645161,Liège
282,2081-01-01,20.9483870967742,19.7290322580645,18.0225806451613,25.3129032258065,24.0064516129032,21.7516129032258,16.9709677419355,15.741935483871,14.9322580645161,Liège
283,2082-01-01,19.9483870967742,20.5290322580645,21.8225806451613,24.0129032258065,25.4064516129032,26.6516129032258,16.4709677419355,15.941935483871,17.0322580645161,Liège
284,2083-01-01,19.5483870967742,21.8290322580645,22.1225806451613,23.5129032258065,26.3064516129032,26.7516129032258,16.1709677419355,17.541935483871,17.4322580645161,Liège
285,2084-01-01,21.4483870967742,19.0290322580645,21.5225806451613,26.0129032258065,23.0064516129032,26.1516129032258,17.0709677419355,15.641935483871,17.4322580645161,Liège
286,2085-01-01,21.6483870967742,22.6290322580645,24.9225806451613,25.9129032258065,27.3064516129032,29.9516129032258,17.7709677419355,18.041935483871,19.9322580645161,Liège
287,2086-01-01,22.2483870967742,21.0290322580645,21.4225806451613,26.8129032258065,25.5064516129032,25.8516129032258,17.7709677419355,16.941935483871,17.0322580645161,Liège
288,2087-01-01,22.0483870967742,21.3290322580645,21.5225806451613,26.7129032258065,26.3064516129032,26.6516129032258,17.5709677419355,16.441935483871,16.4322580645161,Liège
289,2088-01-01,21.8483870967742,20.6290322580645,18.5225806451613,26.6129032258065,25.3064516129032,22.5516129032258,17.1709677419355,16.241935483871,15.0322580645161,Liège
290,2089-01-01,22.6483870967742,22.4290322580645,22.7225806451613,27.5129032258065,27.3064516129032,27.4516129032258,18.0709677419355,17.741935483871,18.2322580645161,Liège
291,2090-01-01,23.3483870967742,18.9290322580645,22.1225806451613,27.9129032258065,23.1064516129032,27.3516129032258,19.1709677419355,15.141935483871,17.1322580645161,Liège
292,2091-01-01,21.7483870967742,18.8290322580645,20.0225806451613,26.3129032258065,22.8064516129032,23.9516129032258,17.7709677419355,15.541935483871,16.8322580645161,Liège
293,2092-01-01,21.8483870967742,19.8290322580645,20.2225806451613,26.4129032258065,24.3064516129032,24.4516129032258,17.6709677419355,15.641935483871,16.4322580645161,Liège
294,2093-01-01,21.2483870967742,21.9290322580645,23.7225806451613,26.2129032258065,26.7064516129032,28.9516129032258,16.4709677419355,17.141935483871,18.6322580645161,Liège
295,2094-01-01,21.9483870967742,23.3290322580645,21.0225806451613,26.6129032258065,28.5064516129032,25.3516129032258,17.7709677419355,18.341935483871,16.9322580645161,Liège
296,2095-01-01,22.3483870967742,21.3290322580645,22.9225806451613,27.0129032258065,25.9064516129032,27.4516129032258,18.1709677419355,17.041935483871,18.9322580645161,Liège
297,2096-01-01,22.2483870967742,20.5290322580645,22.1225806451613,26.8129032258065,25.1064516129032,27.1516129032258,17.8709677419355,16.441935483871,17.2322580645161,Liège
298,2097-01-01,21.3483870967742,20.0290322580645,22.1225806451613,25.8129032258065,24.3064516129032,26.5516129032258,17.2709677419355,16.241935483871,17.7322580645161,Liège
299,2098-01-01,22.1483870967742,22.2290322580645,21.4225806451613,26.4129032258065,26.7064516129032,25.7516129032258,18.2709677419355,18.041935483871,17.3322580645161,Liège
300,2099-01-01,21.5483870967742,21.7290322580645,21.9225806451613,25.9129032258065,26.1064516129032,26.4516129032258,17.6709677419355,17.641935483871,17.6322580645161,Liège
301,2100-01-01,21.7483870967742,22.6290322580645,23.0225806451613,26.0129032258065,27.7064516129032,27.5516129032258,17.9709677419355,17.441935483871,18.9322580645161,Liège
302,1950-01-01,20.0,20.0,20.0,24.7,24.7,24.7,15.4,15.4,15.4,Namur
303,1951-01-01,18.3,18.3,18.3,22.7,22.7,22.7,14.0,14.0,14.0,Namur
304,1952-01-01,19.1,19.1,19.1,23.9,23.9,23.9,14.5,14.5,14.5,Namur
305,1953-01-01,17.7,17.7,17.7,21.9,21.9,21.9,13.9,13.9,13.9,Namur
306,1954-01-01,16.2,16.2,16.2,20.3,20.3,20.3,12.7,12.7,12.7,Namur
307,1955-01-01,18.5,18.5,18.5,22.9,22.9,22.9,14.3,14.3,14.3,Namur
308,1956-01-01,16.0,16.0,16.0,19.9,19.9,19.9,12.4,12.4,12.4,Namur
309,1957-01-01,18.3,18.3,18.3,22.7,22.7,22.7,14.2,14.2,14.2,Namur
310,1958-01-01,17.7,17.7,17.7,21.8,21.8,21.8,13.8,13.8,13.8,Namur
311,1959-01-01,19.5,19.5,19.5,24.6,24.6,24.6,14.5,14.5,14.5,Namur
312,1960-01-01,17.0,17.0,17.0,21.1,21.1,21.1,13.4,13.4,13.4,Namur
313,1961-01-01,17.2,17.2,17.2,21.4,21.4,21.4,13.2,13.2,13.2,Namur
314,1962-01-01,16.6,16.6,16.6,21.0,21.0,21.0,12.3,12.3,12.3,Namur
315,1963-01-01,17.1,17.1,17.1,21.0,21.0,21.0,13.5,13.5,13.5,Namur
316,1964-01-01,18.4,18.4,18.4,22.9,22.9,22.9,14.1,14.1,14.1,Namur
317,1965-01-01,16.0,16.0,16.0,19.6,19.6,19.6,12.7,12.7,12.7,Namur
318,1966-01-01,16.6,16.6,16.6,20.5,20.5,20.5,13.2,13.2,13.2,Namur
319,1967-01-01,18.3,18.3,18.3,22.5,22.5,22.5,14.2,14.2,14.2,Namur
320,1968-01-01,16.5,16.5,16.5,20.3,20.3,20.3,13.2,13.2,13.2,Namur
321,1969-01-01,17.8,17.8,17.8,21.7,21.7,21.7,14.2,14.2,14.2,Namur
322,1970-01-01,17.8,17.8,17.8,21.8,21.8,21.8,14.0,14.0,14.0,Namur
323,1971-01-01,17.6,17.6,17.6,21.5,21.5,21.5,13.9,13.9,13.9,Namur
324,1972-01-01,15.8,15.8,15.8,19.3,19.3,19.3,12.8,12.8,12.8,Namur
325,1973-01-01,18.7,18.7,18.7,23.1,23.1,23.1,14.6,14.6,14.6,Namur
326,1974-01-01,16.8,16.8,16.8,21.0,21.0,21.0,13.0,13.0,13.0,Namur
327,1975-01-01,18.6,18.6,18.6,22.9,22.9,22.9,14.5,14.5,14.5,Namur
328,1976-01-01,20.0,20.0,20.0,24.8,24.8,24.8,15.0,15.0,15.0,Namur
329,1977-01-01,16.1,16.1,16.1,19.5,19.5,19.5,13.0,13.0,13.0,Namur
330,1978-01-01,15.6,15.6,15.6,19.2,19.2,19.2,12.3,12.3,12.3,Namur
331,1979-01-01,16.4,16.4,16.4,20.3,20.3,20.3,12.9,12.9,12.9,Namur
332,1980-01-01,15.8,15.8,15.8,19.2,19.2,19.2,12.8,12.8,12.8,Namur
333,1981-01-01,16.2,16.2,16.2,19.6,19.6,19.6,13.2,13.2,13.2,Namur
334,1982-01-01,18.2,18.2,18.2,22.2,22.2,22.2,14.7,14.7,14.7,Namur
335,1983-01-01,19.7,19.7,19.7,24.2,24.2,24.2,15.5,15.5,15.5,Namur
336,1984-01-01,16.7,16.7,16.7,20.7,20.7,20.7,13.1,13.1,13.1,Namur
337,1985-01-01,16.8,16.8,16.8,20.8,20.8,20.8,13.1,13.1,13.1,Namur
338,1986-01-01,17.4,17.4,17.4,21.5,21.5,21.5,13.7,13.7,13.7,Namur
339,1987-01-01,16.1,16.1,16.1,19.3,19.3,19.3,13.1,13.1,13.1,Namur
340,1988-01-01,16.4,16.4,16.4,20.0,20.0,20.0,13.1,13.1,13.1,Namur
341,1989-01-01,18.4,18.4,18.4,22.7,22.7,22.7,14.2,14.2,14.2,Namur
342,1990-01-01,18.2,18.2,18.2,22.8,22.8,22.8,13.8,13.8,13.8,Namur
343,1991-01-01,17.9,17.9,17.9,21.9,21.9,21.9,14.1,14.1,14.1,Namur
344,1992-01-01,18.4,18.4,18.4,22.3,22.3,22.3,14.7,14.7,14.7,Namur
345,1993-01-01,17.2,17.2,17.2,21.4,21.4,21.4,13.4,13.4,13.4,Namur
346,1994-01-01,19.6,19.6,19.6,24.2,24.2,24.2,15.2,15.2,15.2,Namur
347,1995-01-01,19.1,19.1,19.1,23.5,23.5,23.5,15.0,15.0,15.0,Namur
348,1996-01-01,17.4,17.4,17.4,21.6,21.6,21.6,13.5,13.5,13.5,Namur
349,1997-01-01,18.6,18.6,18.6,22.6,22.6,22.6,15.1,15.1,15.1,Namur
350,1998-01-01,17.1,17.1,17.1,20.9,20.9,20.9,13.6,13.6,13.6,Namur
351,1999-01-01,18.6,18.6,18.6,22.8,22.8,22.8,14.6,14.6,14.6,Namur
352,2000-01-01,16.9,16.9,16.9,20.7,20.7,20.7,13.5,13.5,13.5,Namur
353,2001-01-01,18.4,18.4,18.4,22.6,22.6,22.6,14.5,14.5,14.5,Namur
354,2002-01-01,18.3,18.3,18.3,22.2,22.2,22.2,14.8,14.8,14.8,Namur
355,2003-01-01,21.0,21.0,21.0,25.4,25.4,25.4,16.5,16.5,16.5,Namur
356,2004-01-01,17.9,17.9,17.9,21.9,21.9,21.9,14.5,14.5,14.5,Namur
357,2005-01-01,18.1,18.1,18.1,22.3,22.3,22.3,14.2,14.2,14.2,Namur
358,2006-01-01,19.1,19.1,19.1,23.4,23.4,23.4,15.2,15.2,15.2,Namur
359,2007-01-01,17.5,17.5,17.5,21.3,21.3,21.3,14.2,14.2,14.2,Namur
360,2008-01-01,17.8,17.8,17.8,21.8,21.8,21.8,14.3,14.3,14.3,Namur
361,2009-01-01,18.7,18.7,18.7,23.2,23.2,23.2,14.6,14.6,14.6,Namur
362,2010-01-01,18.9,18.9,18.9,23.1,23.1,23.1,14.9,14.9,14.9,Namur
363,2011-01-01,17.2,17.2,17.2,21.3,21.3,21.3,13.6,13.6,13.6,Namur
364,2012-01-01,18.1,18.1,18.1,22.3,22.3,22.3,14.4,14.4,14.4,Namur
365,2013-01-01,19.1,19.1,19.1,23.5,23.5,23.5,15.0,15.0,15.0,Namur
366,2014-01-01,17.7,17.7,17.7,21.5,21.5,21.5,14.2,14.2,14.2,Namur
367,2015-01-01,19.5,19.5,19.5,24.1,24.1,24.1,15.1,15.1,15.1,Namur
368,2016-01-01,18.7,18.7,18.7,22.6,22.6,22.6,15.2,15.2,15.2,Namur
369,2017-01-01,19.9,19.9,19.9,24.3,24.3,24.3,15.8,15.8,15.8,Namur
370,2018-01-01,20.5,20.5,20.5,25.2,25.2,25.2,16.1,16.1,16.1,Namur
371,2019-01-01,20.6,20.6,20.6,25.5,25.5,25.5,16.0,16.0,16.0,Namur
372,2020-01-01,19.6,19.6,19.6,24.0,24.0,24.0,15.5,15.5,15.5,Namur
373,2021-01-01,18.2,18.2,18.2,21.9,21.9,21.9,15.0,15.0,15.0,Namur
374,2022-01-01,20.8,20.8,20.8,25.7,25.7,25.7,15.9,15.9,15.9,Namur
375,2023-01-01,19.8064516129032,18.5483870967742,18.9290322580645,24.2096774193548,22.6870967741936,22.9870967741936,15.5451612903226,14.7064516129032,15.1870967741935,Namur
376,2024-01-01,18.6064516129032,21.9483870967742,16.7290322580645,22.5096774193548,26.2870967741936,20.2870967741936,15.0451612903226,17.7064516129032,13.6870967741935,Namur
377,2025-01-01,17.6064516129032,20.3483870967742,18.9290322580645,21.6096774193548,24.7870967741936,23.1870967741936,13.8451612903226,16.1064516129032,14.7870967741935,Namur
378,2026-01-01,20.0064516129032,19.1483870967742,17.1290322580645,24.2096774193548,23.4870967741936,20.7870967741936,16.2451612903226,15.1064516129032,13.9870967741935,Namur
379,2027-01-01,17.8064516129032,17.6483870967742,19.4290322580645,21.9096774193548,21.7870967741936,23.4870967741936,14.0451612903226,13.9064516129032,15.5870967741935,Namur
380,2028-01-01,18.5064516129032,16.4483870967742,18.4290322580645,22.5096774193548,19.9870967741936,22.3870967741935,14.6451612903226,13.3064516129032,14.5870967741935,Namur
381,2029-01-01,19.8064516129032,18.7483870967742,18.5290322580645,24.0096774193548,23.3870967741935,22.1870967741936,15.8451612903226,14.4064516129032,15.0870967741935,Namur
382,2030-01-01,19.9064516129032,19.4483870967742,17.8290322580645,24.1096774193548,24.1870967741936,21.7870967741936,15.9451612903226,14.8064516129032,14.3870967741935,Namur
383,2031-01-01,18.9064516129032,20.2483870967742,18.9290322580645,23.4096774193548,24.9870967741936,22.7870967741936,14.7451612903226,15.8064516129032,15.3870967741935,Namur
384,2032-01-01,19.6064516129032,20.4483870967742,18.6290322580645,23.8096774193548,24.7870967741936,22.9870967741936,15.6451612903226,16.2064516129032,14.5870967741935,Namur
385,2033-01-01,19.1064516129032,17.6483870967742,20.5290322580645,23.3096774193548,21.4870967741936,24.7870967741936,15.1451612903226,14.4064516129032,16.5870967741935,Namur
386,2034-01-01,19.9064516129032,20.5483870967742,17.3290322580645,24.0096774193548,25.0870967741935,20.8870967741935,15.8451612903226,16.4064516129032,14.2870967741935,Namur
387,2035-01-01,19.9064516129032,17.6483870967742,18.8290322580645,24.1096774193548,21.4870967741936,23.0870967741936,15.9451612903226,14.3064516129032,14.5870967741935,Namur
388,2036-01-01,19.2064516129032,18.7483870967742,20.8290322580645,23.5096774193548,22.5870967741935,25.1870967741936,15.1451612903226,15.2064516129032,16.5870967741935,Namur
389,2037-01-01,19.4064516129032,18.5483870967742,19.1290322580645,23.2096774193548,22.4870967741936,23.1870967741936,15.7451612903226,14.8064516129032,15.1870967741935,Namur
390,2038-01-01,19.2064516129032,17.9483870967742,18.5290322580645,23.2096774193548,21.9870967741936,22.2870967741936,15.3451612903226,14.3064516129032,15.1870967741935,Namur
391,2039-01-01,19.8064516129032,17.9483870967742,19.2290322580645,23.8096774193548,21.8870967741935,23.3870967741935,16.0451612903226,14.4064516129032,15.4870967741935,Namur
392,2040-01-01,19.8064516129032,18.3483870967742,16.6290322580645,24.0096774193548,22.4870967741936,20.0870967741936,15.9451612903226,14.5064516129032,13.5870967741935,Namur
393,2041-01-01,20.5064516129032,20.3483870967742,17.9290322580645,25.1096774193548,25.2870967741936,21.9870967741936,16.3451612903226,15.4064516129032,14.2870967741935,Namur
394,2042-01-01,18.9064516129032,19.3483870967742,17.6290322580645,23.0096774193548,23.7870967741936,21.3870967741935,15.1451612903226,15.4064516129032,14.1870967741935,Namur
395,2043-01-01,19.5064516129032,19.2483870967742,21.4290322580645,23.4096774193548,23.7870967741936,25.7870967741936,16.0451612903226,15.1064516129032,17.3870967741935,Namur
396,2044-01-01,18.9064516129032,19.8483870967742,19.1290322580645,23.5096774193548,24.0870967741935,23.3870967741935,14.5451612903226,15.7064516129032,14.8870967741935,Namur
397,2045-01-01,19.6064516129032,18.8483870967742,19.3290322580645,23.5096774193548,23.4870967741936,23.4870967741936,16.1451612903226,14.5064516129032,15.5870967741935,Namur
398,2046-01-01,19.6064516129032,19.9483870967742,19.5290322580645,24.2096774193548,24.1870967741936,23.6870967741936,14.8451612903226,16.0064516129032,15.7870967741935,Namur
399,2047-01-01,20.7064516129032,19.1483870967742,18.7290322580645,25.1096774193548,23.4870967741936,22.1870967741936,16.7451612903226,15.2064516129032,15.6870967741935,Namur
400,2048-01-01,19.2064516129032,18.1483870967742,18.2290322580645,23.9096774193548,22.2870967741936,22.0870967741936,14.7451612903226,14.4064516129032,14.9870967741935,Namur
401,2049-01-01,20.1064516129032,20.0483870967742,19.5290322580645,24.6096774193548,24.8870967741935,23.5870967741936,15.7451612903226,15.4064516129032,15.7870967741935,Namur
402,2050-01-01,20.9064516129032,21.8483870967742,20.7290322580645,25.1096774193548,26.5870967741935,25.5870967741936,16.8451612903226,17.1064516129032,15.8870967741935,Namur
403,2051-01-01,20.0064516129032,19.5483870967742,19.2290322580645,24.0096774193548,23.8870967741935,23.1870967741936,16.1451612903226,15.7064516129032,15.5870967741935,Namur
404,2052-01-01,19.6064516129032,20.2483870967742,19.4290322580645,23.7096774193548,24.9870967741936,23.4870967741936,15.7451612903226,15.6064516129032,15.5870967741935,Namur
405,2053-01-01,20.9064516129032,20.7483870967742,17.3290322580645,25.2096774193548,24.9870967741936,20.5870967741936,17.1451612903226,16.9064516129032,14.4870967741935,Namur
406,2054-01-01,19.7064516129032,21.6483870967742,19.1290322580645,23.4096774193548,26.0870967741935,22.6870967741936,16.6451612903226,17.4064516129032,15.8870967741935,Namur
407,2055-01-01,18.7064516129032,19.4483870967742,21.4290322580645,22.6096774193548,23.5870967741935,25.9870967741936,15.2451612903226,15.6064516129032,16.9870967741936,Namur
408,2056-01-01,19.9064516129032,18.2483870967742,22.5290322580645,23.9096774193548,22.2870967741936,27.3870967741935,16.4451612903226,14.4064516129032,17.8870967741935,Namur
409,2057-01-01,20.9064516129032,19.0483870967742,20.5290322580645,25.0096774193548,23.2870967741936,24.6870967741936,17.2451612903226,15.0064516129032,16.7870967741935,Namur
410,2058-01-01,21.1064516129032,20.0483870967742,21.1290322580645,25.5096774193548,24.5870967741935,25.2870967741936,17.1451612903226,15.9064516129032,17.2870967741935,Namur
411,2059-01-01,18.8064516129032,21.3483870967742,20.1290322580645,23.2096774193548,25.6870967741936,24.4870967741936,14.8451612903226,17.3064516129032,16.2870967741936,Namur
412,2060-01-01,22.3064516129032,17.8483870967742,20.7290322580645,27.0096774193548,21.7870967741936,25.2870967741936,17.6451612903226,14.2064516129032,16.2870967741936,Namur
413,2061-01-01,20.2064516129032,20.5483870967742,20.7290322580645,24.3096774193548,25.1870967741936,24.8870967741935,16.2451612903226,15.9064516129032,16.9870967741936,Namur
414,2062-01-01,19.0064516129032,20.9483870967742,20.4290322580645,23.7096774193548,25.9870967741936,24.8870967741935,14.5451612903226,16.0064516129032,16.0870967741935,Namur
415,2063-01-01,21.4064516129032,22.2483870967742,18.2290322580645,25.8096774193548,27.7870967741936,21.9870967741936,17.2451612903226,16.9064516129032,14.9870967741935,Namur
416,2064-01-01,20.5064516129032,18.0483870967742,22.2290322580645,24.7096774193548,21.6870967741936,27.1870967741936,16.3451612903226,15.0064516129032,17.3870967741935,Namur
417,2065-01-01,19.4064516129032,19.2483870967742,21.1290322580645,23.6096774193548,23.8870967741935,25.4870967741936,15.3451612903226,15.1064516129032,16.8870967741935,Namur
418,2066-01-01,20.7064516129032,19.9483870967742,21.2290322580645,25.0096774193548,24.3870967741935,25.8870967741935,16.7451612903226,15.7064516129032,16.7870967741935,Namur
419,2067-01-01,23.6064516129032,20.1483870967742,20.0290322580645,28.5096774193548,24.6870967741936,24.7870967741936,18.8451612903226,15.9064516129032,15.4870967741935,Namur
420,2068-01-01,20.6064516129032,19.1483870967742,21.9290322580645,25.4096774193548,23.5870967741935,26.4870967741936,16.1451612903226,15.1064516129032,17.4870967741936,Namur
421,2069-01-01,21.3064516129032,19.5483870967742,20.1290322580645,25.7096774193548,23.6870967741936,24.1870967741936,17.1451612903226,15.5064516129032,16.4870967741936,Namur
422,2070-01-01,21.5064516129032,20.5483870967742,21.5290322580645,25.6096774193548,25.1870967741936,25.8870967741935,17.5451612903226,16.4064516129032,17.2870967741935,Namur
423,2071-01-01,20.8064516129032,19.2483870967742,19.6290322580645,25.1096774193548,23.5870967741935,23.7870967741936,16.8451612903226,15.1064516129032,15.7870967741935,Namur
424,2072-01-01,20.9064516129032,20.1483870967742,19.9290322580645,24.9096774193548,24.4870967741936,24.3870967741935,17.3451612903226,16.1064516129032,15.5870967741935,Namur
425,2073-01-01,21.8064516129032,23.3483870967742,19.4290322580645,26.1096774193548,28.3870967741935,23.4870967741936,17.8451612903226,18.6064516129032,15.7870967741935,Namur
426,2074-01-01,19.9064516129032,22.3483870967742,19.8290322580645,23.8096774193548,26.9870967741936,24.4870967741936,16.5451612903226,17.9064516129032,15.3870967741935,Namur
427,2075-01-01,20.5064516129032,22.1483870967742,22.3290322580645,24.9096774193548,27.3870967741935,27.0870967741936,16.5451612903226,17.0064516129032,17.8870967741935,Namur
428,2076-01-01,20.3064516129032,19.9483870967742,20.6290322580645,24.7096774193548,24.1870967741936,24.7870967741936,16.1451612903226,16.0064516129032,16.7870967741935,Namur
429,2077-01-01,23.2064516129032,20.0483870967742,17.6290322580645,27.6096774193548,24.1870967741936,21.0870967741936,18.9451612903226,16.0064516129032,14.4870967741935,Namur
430,2078-01-01,21.1064516129032,19.2483870967742,19.1290322580645,25.6096774193548,23.2870967741936,23.0870967741936,16.8451612903226,15.7064516129032,15.5870967741935,Namur
431,2079-01-01,22.8064516129032,20.2483870967742,20.2290322580645,27.5096774193548,24.4870967741936,24.6870967741936,18.3451612903226,16.1064516129032,16.0870967741935,Namur
432,2080-01-01,22.8064516129032,21.0483870967742,21.0290322580645,27.4096774193548,25.7870967741936,25.3870967741935,18.3451612903226,16.5064516129032,16.8870967741935,Namur
433,2081-01-01,20.9064516129032,19.6483870967742,17.9290322580645,25.2096774193548,23.7870967741936,21.3870967741935,16.9451612903226,15.8064516129032,14.9870967741935,Namur
434,2082-01-01,19.9064516129032,20.4483870967742,21.6290322580645,23.8096774193548,25.1870967741936,26.3870967741935,16.4451612903226,16.0064516129032,16.7870967741935,Namur
435,2083-01-01,19.4064516129032,21.8483870967742,22.1290322580645,23.2096774193548,26.2870967741936,26.6870967741936,16.0451612903226,17.7064516129032,17.6870967741936,Namur
436,2084-01-01,21.2064516129032,19.1483870967742,21.5290322580645,25.8096774193548,22.8870967741935,25.8870967741935,16.7451612903226,15.8064516129032,17.4870967741936,Namur
437,2085-01-01,21.5064516129032,22.4483870967742,24.6290322580645,25.7096774193548,26.9870967741936,29.6870967741936,17.6451612903226,17.8064516129032,19.5870967741935,Namur
438,2086-01-01,22.1064516129032,21.0483870967742,21.2290322580645,26.7096774193548,25.3870967741935,25.6870967741936,17.5451612903226,17.0064516129032,16.9870967741936,Namur
439,2087-01-01,22.0064516129032,21.2483870967742,21.4290322580645,26.6096774193548,26.0870967741935,26.4870967741936,17.4451612903226,16.3064516129032,16.3870967741935,Namur
440,2088-01-01,21.7064516129032,20.6483870967742,18.6290322580645,26.6096774193548,25.1870967741936,22.3870967741935,16.9451612903226,16.5064516129032,15.1870967741935,Namur
441,2089-01-01,22.6064516129032,22.6483870967742,22.5290322580645,27.5096774193548,27.1870967741936,27.1870967741936,18.0451612903226,18.2064516129032,18.1870967741936,Namur
442,2090-01-01,23.4064516129032,19.0483870967742,22.0290322580645,27.7096774193548,22.9870967741936,27.2870967741936,19.4451612903226,15.4064516129032,16.7870967741935,Namur
443,2091-01-01,21.8064516129032,18.9483870967742,20.1290322580645,26.1096774193548,22.6870967741936,23.7870967741936,17.8451612903226,15.7064516129032,16.9870967741936,Namur
444,2092-01-01,21.6064516129032,19.7483870967742,20.4290322580645,26.1096774193548,23.9870967741936,24.3870967741935,17.4451612903226,15.8064516129032,16.5870967741935,Namur
445,2093-01-01,21.0064516129032,21.8483870967742,23.6290322580645,26.0096774193548,26.5870967741935,28.6870967741936,16.2451612903226,17.0064516129032,18.5870967741935,Namur
446,2094-01-01,22.0064516129032,23.0483870967742,21.0290322580645,26.4096774193548,28.1870967741936,25.2870967741936,17.8451612903226,17.9064516129032,16.9870967741936,Namur
447,2095-01-01,22.3064516129032,21.3483870967742,22.9290322580645,27.0096774193548,25.6870967741936,27.0870967741936,17.8451612903226,17.3064516129032,19.0870967741935,Namur
448,2096-01-01,22.2064516129032,20.6483870967742,21.8290322580645,26.7096774193548,25.0870967741935,26.8870967741935,17.8451612903226,16.6064516129032,16.9870967741936,Namur
449,2097-01-01,21.4064516129032,20.2483870967742,22.0290322580645,25.6096774193548,24.2870967741936,26.2870967741936,17.3451612903226,16.4064516129032,17.7870967741935,Namur
450,2098-01-01,22.3064516129032,22.2483870967742,21.4290322580645,26.4096774193548,26.5870967741935,25.5870967741936,18.5451612903226,18.1064516129032,17.3870967741935,Namur
451,2099-01-01,21.4064516129032,21.9483870967742,21.9290322580645,25.7096774193548,26.1870967741936,26.3870967741935,17.5451612903226,18.0064516129032,17.6870967741936,Namur
452,2100-01-01,21.7064516129032,22.3483870967742,22.7290322580645,25.7096774193548,27.3870967741935,27.1870967741936,18.0451612903226,17.1064516129032,18.6870967741936,Namur
453,1950-01-01,20.2,20.2,20.2,25.4,25.4,25.4,15.4,15.4,15.4,Mons
454,1951-01-01,18.7,18.7,18.7,23.4,23.4,23.4,14.3,14.3,14.3,Mons
455,1952-01-01,19.4,19.4,19.4,24.3,24.3,24.3,14.8,14.8,14.8,Mons
456,1953-01-01,18.2,18.2,18.2,22.9,22.9,22.9,14.3,14.3,14.3,Mons
457,1954-01-01,16.9,16.9,16.9,21.2,21.2,21.2,13.2,13.2,13.2,Mons
458,1955-01-01,19.0,19.0,19.0,23.6,23.6,23.6,14.7,14.7,14.7,Mons
459,1956-01-01,16.4,16.4,16.4,20.6,20.6,20.6,12.8,12.8,12.8,Mons
460,1957-01-01,18.9,18.9,18.9,23.4,23.4,23.4,14.6,14.6,14.6,Mons
461,1958-01-01,17.9,17.9,17.9,22.2,22.2,22.2,13.9,13.9,13.9,Mons
462,1959-01-01,19.6,19.6,19.6,25.1,25.1,25.1,14.4,14.4,14.4,Mons
463,1960-01-01,17.5,17.5,17.5,21.9,21.9,21.9,13.7,13.7,13.7,Mons
464,1961-01-01,17.7,17.7,17.7,22.3,22.3,22.3,13.5,13.5,13.5,Mons
465,1962-01-01,17.1,17.1,17.1,21.6,21.6,21.6,12.7,12.7,12.7,Mons
466,1963-01-01,17.6,17.6,17.6,21.9,21.9,21.9,13.9,13.9,13.9,Mons
467,1964-01-01,18.7,18.7,18.7,23.3,23.3,23.3,14.3,14.3,14.3,Mons
468,1965-01-01,16.8,16.8,16.8,21.0,21.0,21.0,13.2,13.2,13.2,Mons
469,1966-01-01,17.4,17.4,17.4,21.6,21.6,21.6,13.7,13.7,13.7,Mons
470,1967-01-01,18.6,18.6,18.6,23.1,23.1,23.1,14.5,14.5,14.5,Mons
471,1968-01-01,17.1,17.1,17.1,20.9,20.9,20.9,13.7,13.7,13.7,Mons
472,1969-01-01,18.2,18.2,18.2,22.4,22.4,22.4,14.5,14.5,14.5,Mons
473,1970-01-01,18.3,18.3,18.3,22.5,22.5,22.5,14.5,14.5,14.5,Mons
474,1971-01-01,18.1,18.1,18.1,22.3,22.3,22.3,14.3,14.3,14.3,Mons
475,1972-01-01,16.1,16.1,16.1,19.8,19.8,19.8,13.2,13.2,13.2,Mons
476,1973-01-01,19.1,19.1,19.1,23.7,23.7,23.7,14.8,14.8,14.8,Mons
477,1974-01-01,17.2,17.2,17.2,21.4,21.4,21.4,13.3,13.3,13.3,Mons
478,1975-01-01,19.0,19.0,19.0,23.5,23.5,23.5,14.9,14.9,14.9,Mons
479,1976-01-01,20.2,20.2,20.2,25.6,25.6,25.6,14.9,14.9,14.9,Mons
480,1977-01-01,16.3,16.3,16.3,20.0,20.0,20.0,13.1,13.1,13.1,Mons
481,1978-01-01,16.0,16.0,16.0,19.9,19.9,19.9,12.7,12.7,12.7,Mons
482,1979-01-01,17.1,17.1,17.1,21.3,21.3,21.3,13.4,13.4,13.4,Mons
483,1980-01-01,16.5,16.5,16.5,20.1,20.1,20.1,13.2,13.2,13.2,Mons
484,1981-01-01,16.6,16.6,16.6,20.1,20.1,20.1,13.5,13.5,13.5,Mons
485,1982-01-01,18.4,18.4,18.4,22.6,22.6,22.6,15.0,15.0,15.0,Mons
486,1983-01-01,19.9,19.9,19.9,24.7,24.7,24.7,15.7,15.7,15.7,Mons
487,1984-01-01,17.4,17.4,17.4,21.5,21.5,21.5,13.6,13.6,13.6,Mons
488,1985-01-01,17.5,17.5,17.5,21.7,21.7,21.7,13.7,13.7,13.7,Mons
489,1986-01-01,17.8,17.8,17.8,22.2,22.2,22.2,14.0,14.0,14.0,Mons
490,1987-01-01,16.5,16.5,16.5,19.9,19.9,19.9,13.5,13.5,13.5,Mons
491,1988-01-01,16.8,16.8,16.8,20.8,20.8,20.8,13.5,13.5,13.5,Mons
492,1989-01-01,18.8,18.8,18.8,23.5,23.5,23.5,14.5,14.5,14.5,Mons
493,1990-01-01,18.7,18.7,18.7,23.5,23.5,23.5,14.1,14.1,14.1,Mons
494,1991-01-01,18.1,18.1,18.1,22.4,22.4,22.4,14.3,14.3,14.3,Mons
495,1992-01-01,18.6,18.6,18.6,22.6,22.6,22.6,14.9,14.9,14.9,Mons
496,1993-01-01,17.6,17.6,17.6,22.0,22.0,22.0,13.7,13.7,13.7,Mons
497,1994-01-01,19.8,19.8,19.8,24.8,24.8,24.8,15.3,15.3,15.3,Mons
498,1995-01-01,19.5,19.5,19.5,24.1,24.1,24.1,15.4,15.4,15.4,Mons
499,1996-01-01,17.8,17.8,17.8,22.2,22.2,22.2,13.8,13.8,13.8,Mons
500,1997-01-01,19.0,19.0,19.0,23.1,23.1,23.1,15.4,15.4,15.4,Mons
501,1998-01-01,17.6,17.6,17.6,21.6,21.6,21.6,14.0,14.0,14.0,Mons
502,1999-01-01,19.0,19.0,19.0,23.7,23.7,23.7,14.8,14.8,14.8,Mons
503,2000-01-01,17.6,17.6,17.6,21.8,21.8,21.8,14.0,14.0,14.0,Mons
504,2001-01-01,18.8,18.8,18.8,23.2,23.2,23.2,14.9,14.9,14.9,Mons
505,2002-01-01,18.6,18.6,18.6,22.6,22.6,22.6,15.0,15.0,15.0,Mons
506,2003-01-01,21.2,21.2,21.2,26.1,26.1,26.1,16.6,16.6,16.6,Mons
507,2004-01-01,18.5,18.5,18.5,22.8,22.8,22.8,14.9,14.9,14.9,Mons
508,2005-01-01,18.6,18.6,18.6,22.9,22.9,22.9,14.6,14.6,14.6,Mons
509,2006-01-01,19.5,19.5,19.5,23.7,23.7,23.7,15.5,15.5,15.5,Mons
510,2007-01-01,17.9,17.9,17.9,21.9,21.9,21.9,14.5,14.5,14.5,Mons
511,2008-01-01,18.2,18.2,18.2,22.3,22.3,22.3,14.5,14.5,14.5,Mons
512,2009-01-01,19.3,19.3,19.3,24.1,24.1,24.1,15.0,15.0,15.0,Mons
513,2010-01-01,19.2,19.2,19.2,23.6,23.6,23.6,15.3,15.3,15.3,Mons
514,2011-01-01,17.5,17.5,17.5,21.7,21.7,21.7,13.7,13.7,13.7,Mons
515,2012-01-01,18.8,18.8,18.8,23.1,23.1,23.1,15.0,15.0,15.0,Mons
516,2013-01-01,19.4,19.4,19.4,23.9,23.9,23.9,15.4,15.4,15.4,Mons
517,2014-01-01,18.0,18.0,18.0,21.9,21.9,21.9,14.6,14.6,14.6,Mons
518,2015-01-01,19.7,19.7,19.7,24.5,24.5,24.5,15.2,15.2,15.2,Mons
519,2016-01-01,19.1,19.1,19.1,23.1,23.1,23.1,15.6,15.6,15.6,Mons
520,2017-01-01,20.3,20.3,20.3,25.1,25.1,25.1,15.8,15.8,15.8,Mons
521,2018-01-01,20.7,20.7,20.7,25.8,25.8,25.8,16.0,16.0,16.0,Mons
522,2019-01-01,20.9,20.9,20.9,25.9,25.9,25.9,16.1,16.1,16.1,Mons
523,2020-01-01,19.8,19.8,19.8,24.5,24.5,24.5,15.5,15.5,15.5,Mons
524,2021-01-01,18.5,18.5,18.5,22.2,22.2,22.2,15.3,15.3,15.3,Mons
525,2022-01-01,21.1,21.1,21.1,26.2,26.2,26.2,16.1,16.1,16.1,Mons
526,2023-01-01,20.0322580645161,19.1096774193548,19.2064516129032,24.4709677419355,23.6064516129032,23.5774193548387,15.8645161290323,15.1387096774194,15.3967741935484,Mons
527,2024-01-01,18.9322580645161,22.2096774193548,17.3064516129032,23.0709677419355,26.9064516129032,20.9774193548387,15.1645161290323,17.8387096774194,13.9967741935484,Mons
528,2025-01-01,18.0322580645161,20.4096774193548,19.3064516129032,22.0709677419355,25.2064516129032,23.7774193548387,14.0645161290323,16.1387096774194,15.1967741935484,Mons
529,2026-01-01,20.4322580645161,19.5096774193548,17.4064516129032,24.8709677419355,24.1064516129032,21.1774193548387,16.5645161290323,15.3387096774194,14.1967741935484,Mons
530,2027-01-01,18.2322580645161,17.9096774193548,19.6064516129032,22.5709677419355,22.1064516129032,23.8774193548387,14.5645161290323,14.1387096774194,15.5967741935484,Mons
531,2028-01-01,18.9322580645161,17.1096774193548,18.7064516129032,23.2709677419355,20.9064516129032,23.1774193548387,14.8645161290323,13.9387096774194,14.6967741935484,Mons
532,2029-01-01,20.0322580645161,19.0096774193548,18.9064516129032,24.5709677419355,23.8064516129032,22.7774193548387,15.9645161290323,14.6387096774194,15.4967741935484,Mons
533,2030-01-01,20.0322580645161,19.7096774193548,18.1064516129032,24.5709677419355,24.7064516129032,22.2774193548387,15.8645161290323,14.9387096774194,14.4967741935484,Mons
534,2031-01-01,19.2322580645161,20.4096774193548,19.2064516129032,23.9709677419355,25.1064516129032,23.2774193548387,14.9645161290323,16.0387096774194,15.3967741935484,Mons
535,2032-01-01,19.7322580645161,20.9096774193548,18.9064516129032,23.9709677419355,25.5064516129032,23.3774193548387,15.8645161290323,16.4387096774194,14.8967741935484,Mons
536,2033-01-01,19.5322580645161,18.2096774193548,20.5064516129032,23.9709677419355,22.2064516129032,24.9774193548387,15.4645161290323,14.8387096774194,16.3967741935484,Mons
537,2034-01-01,20.0322580645161,20.8096774193548,17.8064516129032,24.5709677419355,25.6064516129032,21.5774193548387,15.9645161290323,16.4387096774194,14.6967741935484,Mons
538,2035-01-01,20.3322580645161,18.2096774193548,19.4064516129032,24.9709677419355,22.2064516129032,23.7774193548387,16.1645161290323,14.7387096774194,15.0967741935484,Mons
539,2036-01-01,19.2322580645161,19.0096774193548,20.9064516129032,23.7709677419355,23.0064516129032,25.5774193548387,15.1645161290323,15.4387096774194,16.4967741935484,Mons
540,2037-01-01,19.8322580645161,18.8096774193548,19.3064516129032,23.7709677419355,23.0064516129032,23.3774193548387,16.0645161290323,15.1387096774194,15.4967741935484,Mons
541,2038-01-01,19.3322580645161,18.2096774193548,19.1064516129032,23.6709677419355,22.5064516129032,22.8774193548387,15.3645161290323,14.4387096774194,15.5967741935484,Mons
542,2039-01-01,19.9322580645161,18.5096774193548,19.4064516129032,24.4709677419355,22.7064516129032,23.6774193548387,15.9645161290323,14.9387096774194,15.4967741935484,Mons
543,2040-01-01,19.9322580645161,18.8096774193548,17.1064516129032,24.4709677419355,23.1064516129032,20.5774193548387,15.9645161290323,14.9387096774194,14.0967741935484,Mons
544,2041-01-01,20.7322580645161,20.6096774193548,18.2064516129032,25.5709677419355,25.9064516129032,22.3774193548387,16.3645161290323,15.4387096774194,14.5967741935484,Mons
545,2042-01-01,19.0322580645161,19.6096774193548,18.1064516129032,23.4709677419355,24.1064516129032,21.9774193548387,15.2645161290323,15.6387096774194,14.4967741935484,Mons
546,2043-01-01,20.3322580645161,19.6096774193548,21.7064516129032,24.5709677419355,24.3064516129032,26.2774193548387,16.6645161290323,15.4387096774194,17.5967741935484,Mons
547,2044-01-01,19.3322580645161,20.2096774193548,19.5064516129032,24.0709677419355,24.8064516129032,23.9774193548387,14.9645161290323,15.9387096774194,15.1967741935484,Mons
548,2045-01-01,19.9322580645161,19.1096774193548,19.5064516129032,23.8709677419355,23.9064516129032,23.8774193548387,16.3645161290323,14.7387096774194,15.5967741935484,Mons
549,2046-01-01,19.9322580645161,20.2096774193548,19.7064516129032,24.8709677419355,24.6064516129032,23.8774193548387,15.0645161290323,16.2387096774194,15.8967741935484,Mons
550,2047-01-01,20.9322580645161,19.4096774193548,19.2064516129032,25.6709677419355,23.8064516129032,22.8774193548387,16.7645161290323,15.3387096774194,16.1967741935484,Mons
551,2048-01-01,19.4322580645161,18.5096774193548,18.6064516129032,24.3709677419355,22.8064516129032,22.6774193548387,14.7645161290323,14.7387096774194,15.1967741935484,Mons
552,2049-01-01,20.3322580645161,20.3096774193548,19.7064516129032,25.1709677419355,25.4064516129032,23.7774193548387,15.9645161290323,15.5387096774194,15.9967741935484,Mons
553,2050-01-01,21.1322580645161,21.9096774193548,20.9064516129032,25.6709677419355,27.0064516129032,25.9774193548387,16.7645161290323,17.0387096774194,15.9967741935484,Mons
554,2051-01-01,19.9322580645161,19.8096774193548,19.4064516129032,24.1709677419355,24.2064516129032,23.6774193548387,15.9645161290323,15.9387096774194,15.5967741935484,Mons
555,2052-01-01,19.9322580645161,20.7096774193548,19.6064516129032,24.3709677419355,25.6064516129032,23.8774193548387,15.9645161290323,16.1387096774194,15.8967741935484,Mons
556,2053-01-01,21.2322580645161,21.1096774193548,18.0064516129032,25.6709677419355,25.6064516129032,21.3774193548387,17.3645161290323,17.1387096774194,14.9967741935484,Mons
557,2054-01-01,20.3322580645161,22.1096774193548,19.5064516129032,24.3709677419355,26.8064516129032,23.1774193548387,17.0645161290323,17.6387096774194,16.1967741935484,Mons
558,2055-01-01,19.2322580645161,19.7096774193548,21.7064516129032,23.2709677419355,24.0064516129032,26.4774193548387,15.7645161290323,15.7387096774194,17.2967741935484,Mons
559,2056-01-01,20.2322580645161,18.8096774193548,22.7064516129032,24.4709677419355,23.2064516129032,27.9774193548387,16.6645161290323,14.8387096774194,17.8967741935484,Mons
560,2057-01-01,21.2322580645161,19.4096774193548,20.6064516129032,25.4709677419355,24.0064516129032,24.8774193548387,17.4645161290323,15.2387096774194,16.7967741935484,Mons
561,2058-01-01,21.2322580645161,20.2096774193548,21.2064516129032,25.9709677419355,25.0064516129032,25.5774193548387,17.0645161290323,16.1387096774194,17.0967741935484,Mons
562,2059-01-01,19.1322580645161,21.8096774193548,20.1064516129032,23.7709677419355,26.5064516129032,24.6774193548387,15.0645161290323,17.5387096774194,16.0967741935484,Mons
563,2060-01-01,22.3322580645161,18.4096774193548,20.9064516129032,27.4709677419355,22.7064516129032,25.9774193548387,17.3645161290323,14.6387096774194,16.2967741935484,Mons
564,2061-01-01,20.6322580645161,20.7096774193548,20.8064516129032,25.1709677419355,25.3064516129032,25.1774193548387,16.4645161290323,16.0387096774194,16.8967741935484,Mons
565,2062-01-01,19.2322580645161,21.0096774193548,20.7064516129032,24.2709677419355,26.1064516129032,25.2774193548387,14.7645161290323,16.0387096774194,16.2967741935484,Mons
566,2063-01-01,21.3322580645161,22.4096774193548,18.6064516129032,26.1709677419355,28.0064516129032,22.4774193548387,16.8645161290323,17.0387096774194,15.1967741935484,Mons
567,2064-01-01,20.5322580645161,18.7096774193548,22.4064516129032,25.2709677419355,22.5064516129032,27.7774193548387,16.0645161290323,15.5387096774194,17.4967741935484,Mons
568,2065-01-01,19.7322580645161,19.7096774193548,21.3064516129032,24.2709677419355,24.7064516129032,25.9774193548387,15.6645161290323,15.3387096774194,16.8967741935484,Mons
569,2066-01-01,20.7322580645161,20.0096774193548,21.4064516129032,25.3709677419355,24.5064516129032,26.2774193548387,16.3645161290323,15.7387096774194,16.7967741935484,Mons
570,2067-01-01,23.5322580645161,20.3096774193548,20.1064516129032,28.7709677419355,25.2064516129032,24.9774193548387,18.5645161290323,15.7387096774194,15.5967741935484,Mons
571,2068-01-01,20.6322580645161,19.3096774193548,21.9064516129032,25.5709677419355,24.0064516129032,26.8774193548387,16.1645161290323,15.1387096774194,17.3967741935484,Mons
572,2069-01-01,21.5322580645161,19.8096774193548,20.3064516129032,26.1709677419355,24.1064516129032,24.2774193548387,17.0645161290323,15.9387096774194,16.7967741935484,Mons
573,2070-01-01,21.7322580645161,20.8096774193548,21.9064516129032,25.9709677419355,25.5064516129032,26.3774193548387,17.7645161290323,16.6387096774194,17.7967741935484,Mons
574,2071-01-01,21.1322580645161,19.5096774193548,19.8064516129032,25.4709677419355,24.1064516129032,24.2774193548387,17.1645161290323,15.3387096774194,15.9967741935484,Mons
575,2072-01-01,21.1322580645161,20.3096774193548,20.0064516129032,25.1709677419355,24.7064516129032,24.6774193548387,17.6645161290323,16.2387096774194,15.7967741935484,Mons
576,2073-01-01,21.9322580645161,23.8096774193548,19.8064516129032,26.7709677419355,28.9064516129032,23.9774193548387,17.7645161290323,18.8387096774194,15.9967741935484,Mons
577,2074-01-01,20.2322580645161,22.8096774193548,20.1064516129032,24.3709677419355,27.7064516129032,24.7774193548387,16.7645161290323,18.2387096774194,15.4967741935484,Mons
578,2075-01-01,20.6322580645161,22.3096774193548,22.5064516129032,25.2709677419355,27.7064516129032,27.4774193548387,16.5645161290323,17.1387096774194,17.7967741935484,Mons
579,2076-01-01,20.4322580645161,20.2096774193548,20.8064516129032,25.1709677419355,24.5064516129032,25.2774193548387,16.0645161290323,16.2387096774194,16.8967741935484,Mons
580,2077-01-01,23.2322580645161,20.4096774193548,17.9064516129032,28.0709677419355,25.0064516129032,21.6774193548387,18.9645161290323,16.2387096774194,14.6967741935484,Mons
581,2078-01-01,21.4322580645161,19.7096774193548,19.5064516129032,26.0709677419355,24.0064516129032,23.7774193548387,16.9645161290323,16.1387096774194,15.6967741935484,Mons
582,2079-01-01,23.0322580645161,20.4096774193548,20.4064516129032,27.6709677419355,24.9064516129032,25.0774193548387,18.8645161290323,16.2387096774194,16.2967741935484,Mons
583,2080-01-01,22.9322580645161,21.2096774193548,21.3064516129032,27.7709677419355,26.2064516129032,25.8774193548387,18.4645161290323,16.3387096774194,16.9967741935484,Mons
584,2081-01-01,21.2322580645161,19.7096774193548,18.2064516129032,25.5709677419355,24.0064516129032,21.7774193548387,17.1645161290323,16.0387096774194,15.0967741935484,Mons
585,2082-01-01,20.3322580645161,20.8096774193548,21.7064516129032,24.4709677419355,25.8064516129032,26.7774193548387,16.7645161290323,16.2387096774194,16.6967741935484,Mons
586,2083-01-01,19.7322580645161,22.1096774193548,22.3064516129032,23.7709677419355,26.8064516129032,27.0774193548387,16.4645161290323,17.8387096774194,17.6967741935484,Mons
587,2084-01-01,21.5322580645161,19.4096774193548,21.7064516129032,26.4709677419355,23.4064516129032,26.2774193548387,16.8645161290323,16.0387096774194,17.6967741935484,Mons
588,2085-01-01,21.6322580645161,22.6096774193548,24.8064516129032,26.1709677419355,27.5064516129032,29.8774193548387,17.5645161290323,17.8387096774194,19.8967741935484,Mons
589,2086-01-01,22.1322580645161,21.2096774193548,21.3064516129032,26.9709677419355,25.7064516129032,26.0774193548387,17.4645161290323,17.0387096774194,17.1967741935484,Mons
590,2087-01-01,22.0322580645161,21.4096774193548,21.4064516129032,26.9709677419355,26.4064516129032,26.6774193548387,17.3645161290323,16.5387096774194,16.2967741935484,Mons
591,2088-01-01,21.8322580645161,20.6096774193548,18.7064516129032,27.1709677419355,25.3064516129032,22.9774193548387,16.9645161290323,16.4387096774194,14.9967741935484,Mons
592,2089-01-01,22.6322580645161,22.9096774193548,22.4064516129032,27.5709677419355,27.7064516129032,27.2774193548387,18.0645161290323,18.3387096774194,17.9967741935484,Mons
593,2090-01-01,23.4322580645161,19.5096774193548,22.2064516129032,27.8709677419355,23.6064516129032,27.5774193548387,19.4645161290323,15.7387096774194,16.8967741935484,Mons
594,2091-01-01,22.0322580645161,19.5096774193548,20.1064516129032,26.6709677419355,23.4064516129032,24.0774193548387,17.9645161290323,16.2387096774194,16.8967741935484,Mons
595,2092-01-01,21.7322580645161,20.2096774193548,20.7064516129032,26.5709677419355,24.7064516129032,24.8774193548387,17.4645161290323,16.2387096774194,16.9967741935484,Mons
596,2093-01-01,21.3322580645161,21.9096774193548,23.8064516129032,26.5709677419355,27.0064516129032,29.2774193548387,16.3645161290323,16.9387096774194,18.5967741935484,Mons
597,2094-01-01,21.8322580645161,22.9096774193548,21.3064516129032,26.6709677419355,28.3064516129032,25.6774193548387,17.3645161290323,17.7387096774194,17.3967741935484,Mons
598,2095-01-01,22.3322580645161,21.7096774193548,23.1064516129032,27.3709677419355,26.3064516129032,27.6774193548387,17.6645161290323,17.4387096774194,19.2967741935484,Mons
599,2096-01-01,22.4322580645161,20.9096774193548,21.9064516129032,27.1709677419355,25.5064516129032,27.0774193548387,17.8645161290323,16.7387096774194,16.9967741935484,Mons
600,2097-01-01,21.5322580645161,20.5096774193548,22.0064516129032,26.1709677419355,24.9064516129032,26.5774193548387,17.2645161290323,16.5387096774194,17.7967741935484,Mons
601,2098-01-01,22.3322580645161,22.4096774193548,21.5064516129032,26.6709677419355,27.1064516129032,25.6774193548387,18.3645161290323,18.1387096774194,17.6967741935484,Mons
602,2099-01-01,21.5322580645161,22.2096774193548,22.1064516129032,26.0709677419355,26.7064516129032,26.6774193548387,17.5645161290323,18.1387096774194,17.6967741935484,Mons
603,2100-01-01,21.7322580645161,22.4096774193548,22.7064516129032,25.9709677419355,27.7064516129032,27.5774193548387,18.0645161290323,17.2387096774194,18.4967741935484,Mons
604,1950-01-01,20.1,20.1,20.1,25.3,25.3,25.3,15.1,15.1,15.1,Tournais
605,1951-01-01,18.6,18.6,18.6,23.4,23.4,23.4,14.3,14.3,14.3,Tournais
606,1952-01-01,19.2,19.2,19.2,24.3,24.3,24.3,14.5,14.5,14.5,Tournais
607,1953-01-01,18.1,18.1,18.1,23.1,23.1,23.1,14.0,14.0,14.0,Tournais
608,1954-01-01,16.9,16.9,16.9,21.4,21.4,21.4,13.1,13.1,13.1,Tournais
609,1955-01-01,18.8,18.8,18.8,23.9,23.9,23.9,14.4,14.4,14.4,Tournais
610,1956-01-01,16.6,16.6,16.6,20.9,20.9,20.9,12.9,12.9,12.9,Tournais
611,1957-01-01,18.9,18.9,18.9,23.6,23.6,23.6,14.5,14.5,14.5,Tournais
612,1958-01-01,18.0,18.0,18.0,22.5,22.5,22.5,13.9,13.9,13.9,Tournais
613,1959-01-01,19.4,19.4,19.4,25.0,25.0,25.0,14.2,14.2,14.2,Tournais
614,1960-01-01,17.7,17.7,17.7,22.3,22.3,22.3,13.9,13.9,13.9,Tournais
615,1961-01-01,17.8,17.8,17.8,22.4,22.4,22.4,13.6,13.6,13.6,Tournais
616,1962-01-01,17.1,17.1,17.1,21.7,21.7,21.7,12.8,12.8,12.8,Tournais
617,1963-01-01,17.5,17.5,17.5,21.9,21.9,21.9,13.8,13.8,13.8,Tournais
618,1964-01-01,18.6,18.6,18.6,23.4,23.4,23.4,14.1,14.1,14.1,Tournais
619,1965-01-01,16.9,16.9,16.9,21.3,21.3,21.3,13.1,13.1,13.1,Tournais
620,1966-01-01,17.6,17.6,17.6,22.1,22.1,22.1,13.7,13.7,13.7,Tournais
621,1967-01-01,18.6,18.6,18.6,23.2,23.2,23.2,14.4,14.4,14.4,Tournais
622,1968-01-01,17.1,17.1,17.1,21.2,21.2,21.2,13.8,13.8,13.8,Tournais
623,1969-01-01,18.3,18.3,18.3,22.4,22.4,22.4,14.6,14.6,14.6,Tournais
624,1970-01-01,18.6,18.6,18.6,23.1,23.1,23.1,14.6,14.6,14.6,Tournais
625,1971-01-01,18.3,18.3,18.3,22.7,22.7,22.7,14.4,14.4,14.4,Tournais
626,1972-01-01,16.3,16.3,16.3,20.1,20.1,20.1,13.1,13.1,13.1,Tournais
627,1973-01-01,19.1,19.1,19.1,23.9,23.9,23.9,14.8,14.8,14.8,Tournais
628,1974-01-01,17.2,17.2,17.2,21.7,21.7,21.7,13.3,13.3,13.3,Tournais
629,1975-01-01,19.2,19.2,19.2,23.8,23.8,23.8,15.0,15.0,15.0,Tournais
630,1976-01-01,20.1,20.1,20.1,25.8,25.8,25.8,14.7,14.7,14.7,Tournais
631,1977-01-01,16.4,16.4,16.4,20.4,20.4,20.4,13.1,13.1,13.1,Tournais
632,1978-01-01,16.2,16.2,16.2,20.2,20.2,20.2,12.8,12.8,12.8,Tournais
633,1979-01-01,17.0,17.0,17.0,21.2,21.2,21.2,13.3,13.3,13.3,Tournais
634,1980-01-01,16.6,16.6,16.6,20.3,20.3,20.3,13.3,13.3,13.3,Tournais
635,1981-01-01,16.9,16.9,16.9,20.6,20.6,20.6,13.7,13.7,13.7,Tournais
636,1982-01-01,18.6,18.6,18.6,22.8,22.8,22.8,14.9,14.9,14.9,Tournais
637,1983-01-01,19.8,19.8,19.8,24.7,24.7,24.7,15.5,15.5,15.5,Tournais
638,1984-01-01,17.6,17.6,17.6,21.8,21.8,21.8,13.8,13.8,13.8,Tournais
639,1985-01-01,17.4,17.4,17.4,21.6,21.6,21.6,13.7,13.7,13.7,Tournais
640,1986-01-01,17.9,17.9,17.9,22.4,22.4,22.4,14.0,14.0,14.0,Tournais
641,1987-01-01,16.6,16.6,16.6,20.1,20.1,20.1,13.6,13.6,13.6,Tournais
642,1988-01-01,16.9,16.9,16.9,21.0,21.0,21.0,13.5,13.5,13.5,Tournais
643,1989-01-01,18.8,18.8,18.8,23.7,23.7,23.7,14.4,14.4,14.4,Tournais
644,1990-01-01,18.6,18.6,18.6,23.7,23.7,23.7,13.9,13.9,13.9,Tournais
645,1991-01-01,18.0,18.0,18.0,22.1,22.1,22.1,14.3,14.3,14.3,Tournais
646,1992-01-01,18.5,18.5,18.5,22.7,22.7,22.7,14.9,14.9,14.9,Tournais
647,1993-01-01,17.6,17.6,17.6,22.0,22.0,22.0,13.7,13.7,13.7,Tournais
648,1994-01-01,19.7,19.7,19.7,24.7,24.7,24.7,15.2,15.2,15.2,Tournais
649,1995-01-01,19.5,19.5,19.5,24.3,24.3,24.3,15.4,15.4,15.4,Tournais
650,1996-01-01,17.9,17.9,17.9,22.4,22.4,22.4,13.9,13.9,13.9,Tournais
651,1997-01-01,19.2,19.2,19.2,23.3,23.3,23.3,15.5,15.5,15.5,Tournais
652,1998-01-01,17.7,17.7,17.7,21.8,21.8,21.8,14.0,14.0,14.0,Tournais
653,1999-01-01,18.9,18.9,18.9,23.7,23.7,23.7,14.7,14.7,14.7,Tournais
654,2000-01-01,17.7,17.7,17.7,22.0,22.0,22.0,14.1,14.1,14.1,Tournais
655,2001-01-01,18.7,18.7,18.7,23.0,23.0,23.0,14.9,14.9,14.9,Tournais
656,2002-01-01,18.6,18.6,18.6,22.6,22.6,22.6,15.1,15.1,15.1,Tournais
657,2003-01-01,21.0,21.0,21.0,25.9,25.9,25.9,16.5,16.5,16.5,Tournais
658,2004-01-01,18.4,18.4,18.4,22.6,22.6,22.6,14.8,14.8,14.8,Tournais
659,2005-01-01,18.6,18.6,18.6,23.1,23.1,23.1,14.6,14.6,14.6,Tournais
660,2006-01-01,19.5,19.5,19.5,23.9,23.9,23.9,15.5,15.5,15.5,Tournais
661,2007-01-01,17.7,17.7,17.7,21.6,21.6,21.6,14.4,14.4,14.4,Tournais
662,2008-01-01,18.4,18.4,18.4,22.6,22.6,22.6,14.7,14.7,14.7,Tournais
663,2009-01-01,19.2,19.2,19.2,24.1,24.1,24.1,14.9,14.9,14.9,Tournais
664,2010-01-01,19.2,19.2,19.2,23.6,23.6,23.6,15.2,15.2,15.2,Tournais
665,2011-01-01,17.5,17.5,17.5,21.7,21.7,21.7,13.8,13.8,13.8,Tournais
666,2012-01-01,18.6,18.6,18.6,23.2,23.2,23.2,14.8,14.8,14.8,Tournais
667,2013-01-01,19.3,19.3,19.3,24.0,24.0,24.0,15.2,15.2,15.2,Tournais
668,2014-01-01,18.2,18.2,18.2,22.3,22.3,22.3,14.6,14.6,14.6,Tournais
669,2015-01-01,19.5,19.5,19.5,24.3,24.3,24.3,15.0,15.0,15.0,Tournais
670,2016-01-01,19.2,19.2,19.2,23.3,23.3,23.3,15.6,15.6,15.6,Tournais
671,2017-01-01,20.2,20.2,20.2,25.1,25.1,25.1,15.7,15.7,15.7,Tournais
672,2018-01-01,20.5,20.5,20.5,25.8,25.8,25.8,15.6,15.6,15.6,Tournais
673,2019-01-01,20.7,20.7,20.7,25.9,25.9,25.9,15.9,15.9,15.9,Tournais
674,2020-01-01,19.9,19.9,19.9,24.7,24.7,24.7,15.7,15.7,15.7,Tournais
675,2021-01-01,18.7,18.7,18.7,22.6,22.6,22.6,15.4,15.4,15.4,Tournais
676,2022-01-01,20.8,20.8,20.8,26.0,26.0,26.0,15.7,15.7,15.7,Tournais
677,2023-01-01,19.7064516129032,19.1451612903226,18.9451612903226,24.3225806451613,23.5096774193548,23.4645161290323,15.5,15.0903225806452,15.2838709677419,Tournais
678,2024-01-01,19.1064516129032,22.2451612903226,17.3451612903226,23.3225806451613,26.8096774193548,21.0645161290323,15.3,17.7903225806452,14.1838709677419,Tournais
679,2025-01-01,17.9064516129032,20.4451612903226,19.3451612903226,22.2225806451613,25.3096774193548,23.7645161290323,14.1,15.8903225806452,15.1838709677419,Tournais
680,2026-01-01,20.3064516129032,19.4451612903226,17.4451612903226,24.9225806451613,24.1096774193548,21.1645161290323,16.3,15.2903225806452,14.2838709677419,Tournais
681,2027-01-01,18.1064516129032,17.9451612903226,19.4451612903226,22.5225806451613,22.1096774193548,23.7645161290323,14.4,14.1903225806452,15.4838709677419,Tournais
682,2028-01-01,18.8064516129032,17.2451612903226,18.6451612903226,23.4225806451613,21.1096774193548,23.1645161290323,14.7,13.9903225806452,14.4838709677419,Tournais
683,2029-01-01,19.7064516129032,18.9451612903226,18.9451612903226,24.3225806451613,23.7096774193548,22.9645161290323,15.9,14.5903225806452,15.4838709677419,Tournais
684,2030-01-01,19.9064516129032,19.4451612903226,17.9451612903226,24.7225806451613,24.5096774193548,22.0645161290323,15.7,14.9903225806452,14.5838709677419,Tournais
685,2031-01-01,19.0064516129032,20.2451612903226,19.0451612903226,23.7225806451613,25.1096774193548,23.1645161290323,14.9,15.6903225806452,15.4838709677419,Tournais
686,2032-01-01,19.6064516129032,20.7451612903226,18.8451612903226,24.0225806451613,25.5096774193548,23.2645161290323,15.8,16.1903225806452,14.7838709677419,Tournais
687,2033-01-01,19.5064516129032,18.1451612903226,20.3451612903226,24.1225806451613,22.2096774193548,24.8645161290323,15.4,14.8903225806452,16.1838709677419,Tournais
688,2034-01-01,20.0064516129032,20.7451612903226,17.8451612903226,24.6225806451613,25.5096774193548,21.4645161290323,15.9,16.4903225806452,14.7838709677419,Tournais
689,2035-01-01,20.1064516129032,18.2451612903226,19.3451612903226,24.8225806451613,22.3096774193548,23.6645161290323,16.1,14.7903225806452,15.2838709677419,Tournais
690,2036-01-01,19.0064516129032,18.8451612903226,20.7451612903226,23.6225806451613,23.1096774193548,25.4645161290323,14.9,15.2903225806452,16.4838709677419,Tournais
691,2037-01-01,19.9064516129032,18.8451612903226,19.2451612903226,24.0225806451613,23.1096774193548,23.4645161290323,16.3,15.0903225806452,15.5838709677419,Tournais
692,2038-01-01,19.0064516129032,18.1451612903226,19.2451612903226,23.5225806451613,22.5096774193548,22.9645161290323,15.2,14.3903225806452,15.8838709677419,Tournais
693,2039-01-01,19.7064516129032,18.6451612903226,19.2451612903226,24.3225806451613,22.9096774193548,23.5645161290323,15.8,15.0903225806452,15.3838709677419,Tournais
694,2040-01-01,19.7064516129032,18.8451612903226,17.1451612903226,24.6225806451613,23.3096774193548,20.7645161290323,15.7,14.7903225806452,14.1838709677419,Tournais
695,2041-01-01,20.5064516129032,20.4451612903226,18.2451612903226,25.4225806451613,25.7096774193548,22.5645161290323,16.1,15.2903225806452,14.5838709677419,Tournais
696,2042-01-01,18.9064516129032,19.5451612903226,18.0451612903226,23.3225806451613,24.1096774193548,22.0645161290323,15.2,15.5903225806452,14.3838709677419,Tournais
697,2043-01-01,20.4064516129032,19.6451612903226,21.5451612903226,24.6225806451613,24.3096774193548,26.3645161290323,16.8,15.4903225806452,17.4838709677419,Tournais
698,2044-01-01,19.0064516129032,20.1451612903226,19.6451612903226,23.8225806451613,24.8096774193548,24.2645161290323,14.8,15.8903225806452,15.1838709677419,Tournais
699,2045-01-01,19.8064516129032,18.9451612903226,19.4451612903226,23.8225806451613,23.7096774193548,23.6645161290323,16.3,14.6903225806452,15.5838709677419,Tournais
700,2046-01-01,19.7064516129032,20.1451612903226,19.4451612903226,24.7225806451613,24.6096774193548,23.7645161290323,14.8,16.0903225806452,15.6838709677419,Tournais
701,2047-01-01,20.7064516129032,19.2451612903226,19.3451612903226,25.5225806451613,23.7096774193548,22.9645161290323,16.6,15.1903225806452,16.2838709677419,Tournais
702,2048-01-01,19.0064516129032,18.4451612903226,18.5451612903226,24.2225806451613,22.9096774193548,22.5645161290323,14.5,14.5903225806452,15.1838709677419,Tournais
703,2049-01-01,20.2064516129032,20.2451612903226,19.5451612903226,25.0225806451613,25.3096774193548,23.7645161290323,15.8,15.4903225806452,16.1838709677419,Tournais
704,2050-01-01,20.8064516129032,21.7451612903226,20.4451612903226,25.6225806451613,26.8096774193548,25.8645161290323,16.5,16.6903225806452,15.3838709677419,Tournais
705,2051-01-01,19.5064516129032,19.8451612903226,19.2451612903226,24.1225806451613,24.3096774193548,23.3645161290323,15.6,15.9903225806452,15.4838709677419,Tournais
706,2052-01-01,19.8064516129032,20.6451612903226,19.5451612903226,24.3225806451613,25.5096774193548,23.7645161290323,15.8,16.0903225806452,15.8838709677419,Tournais
707,2053-01-01,21.0064516129032,21.1451612903226,18.0451612903226,25.5225806451613,25.7096774193548,21.4645161290323,17.2,16.8903225806452,15.0838709677419,Tournais
708,2054-01-01,20.5064516129032,21.9451612903226,19.4451612903226,24.5225806451613,26.9096774193548,23.1645161290323,17.3,17.3903225806452,16.1838709677419,Tournais
709,2055-01-01,19.4064516129032,19.5451612903226,21.5451612903226,23.5225806451613,24.0096774193548,26.3645161290323,16.0,15.5903225806452,17.1838709677419,Tournais
710,2056-01-01,20.1064516129032,18.8451612903226,22.3451612903226,24.3225806451613,23.4096774193548,27.5645161290323,16.6,14.6903225806452,17.7838709677419,Tournais
711,2057-01-01,21.0064516129032,19.4451612903226,20.5451612903226,25.5225806451613,23.9096774193548,24.8645161290323,17.3,15.3903225806452,16.6838709677419,Tournais
712,2058-01-01,21.0064516129032,20.2451612903226,21.1451612903226,26.1225806451613,24.9096774193548,25.5645161290323,16.7,16.0903225806452,17.1838709677419,Tournais
713,2059-01-01,19.0064516129032,21.7451612903226,19.9451612903226,23.7225806451613,26.6096774193548,24.5645161290323,14.9,17.2903225806452,16.1838709677419,Tournais
714,2060-01-01,22.0064516129032,18.4451612903226,20.6451612903226,27.3225806451613,22.8096774193548,25.5645161290323,17.0,14.6903225806452,16.1838709677419,Tournais
715,2061-01-01,20.6064516129032,20.5451612903226,20.7451612903226,25.3225806451613,25.2096774193548,25.1645161290323,16.2,15.8903225806452,16.6838709677419,Tournais
716,2062-01-01,19.1064516129032,20.6451612903226,20.6451612903226,24.3225806451613,25.7096774193548,25.0645161290323,14.7,15.7903225806452,16.2838709677419,Tournais
717,2063-01-01,21.0064516129032,22.0451612903226,18.5451612903226,26.1225806451613,27.7096774193548,22.3645161290323,16.5,16.6903225806452,15.0838709677419,Tournais
718,2064-01-01,20.3064516129032,18.7451612903226,22.2451612903226,25.2225806451613,22.7096774193548,27.5645161290323,15.9,15.5903225806452,17.3838709677419,Tournais
719,2065-01-01,19.6064516129032,19.7451612903226,21.0451612903226,24.1225806451613,24.6096774193548,25.7645161290323,15.5,15.3903225806452,16.6838709677419,Tournais
720,2066-01-01,20.4064516129032,19.7451612903226,21.2451612903226,25.2225806451613,24.3096774193548,26.0645161290323,16.0,15.4903225806452,16.7838709677419,Tournais
721,2067-01-01,22.9064516129032,20.0451612903226,20.0451612903226,28.5225806451613,24.9096774193548,24.7645161290323,17.9,15.5903225806452,15.5838709677419,Tournais
722,2068-01-01,20.2064516129032,19.2451612903226,21.6451612903226,25.0225806451613,23.9096774193548,26.5645161290323,15.9,15.3903225806452,17.1838709677419,Tournais
723,2069-01-01,21.1064516129032,19.8451612903226,20.2451612903226,25.9225806451613,23.9096774193548,24.1645161290323,16.8,15.9903225806452,16.8838709677419,Tournais
724,2070-01-01,21.4064516129032,20.6451612903226,21.7451612903226,25.8225806451613,25.4096774193548,26.2645161290323,17.5,16.4903225806452,17.7838709677419,Tournais
725,2071-01-01,21.1064516129032,19.4451612903226,19.6451612903226,25.5225806451613,24.1096774193548,24.0645161290323,17.3,15.1903225806452,15.8838709677419,Tournais
726,2072-01-01,21.2064516129032,20.3451612903226,19.8451612903226,25.2225806451613,24.8096774193548,24.5645161290323,17.8,16.3903225806452,15.4838709677419,Tournais
727,2073-01-01,21.7064516129032,23.6451612903226,19.5451612903226,26.7225806451613,28.8096774193548,23.9645161290323,17.5,18.7903225806452,15.8838709677419,Tournais
728,2074-01-01,20.4064516129032,22.7451612903226,19.8451612903226,24.6225806451613,27.6096774193548,24.4645161290323,17.0,18.0903225806452,15.2838709677419,Tournais
729,2075-01-01,20.3064516129032,22.0451612903226,22.1451612903226,25.0225806451613,27.5096774193548,27.2645161290323,16.4,16.9903225806452,17.4838709677419,Tournais
730,2076-01-01,20.1064516129032,20.2451612903226,20.8451612903226,24.9225806451613,24.6096774193548,25.2645161290323,15.7,16.1903225806452,16.9838709677419,Tournais
731,2077-01-01,22.8064516129032,20.3451612903226,17.8451612903226,27.8225806451613,24.8096774193548,21.3645161290323,18.5,16.1903225806452,14.8838709677419,Tournais
732,2078-01-01,21.3064516129032,19.8451612903226,19.4451612903226,26.0225806451613,24.1096774193548,23.7645161290323,17.0,16.1903225806452,15.7838709677419,Tournais
733,2079-01-01,22.7064516129032,20.2451612903226,20.1451612903226,27.6225806451613,24.7096774193548,25.0645161290323,18.4,16.1903225806452,15.9838709677419,Tournais
734,2080-01-01,22.7064516129032,21.0451612903226,21.2451612903226,27.7225806451613,26.2096774193548,25.8645161290323,18.1,16.2903225806452,16.9838709677419,Tournais
735,2081-01-01,21.0064516129032,19.6451612903226,18.1451612903226,25.5225806451613,23.8096774193548,21.6645161290323,17.1,15.9903225806452,15.1838709677419,Tournais
736,2082-01-01,20.1064516129032,20.7451612903226,21.5451612903226,24.5225806451613,25.5096774193548,26.5645161290323,16.6,16.1903225806452,16.6838709677419,Tournais
737,2083-01-01,19.6064516129032,22.1451612903226,22.0451612903226,23.8225806451613,26.7096774193548,26.9645161290323,16.2,18.0903225806452,17.6838709677419,Tournais
738,2084-01-01,21.1064516129032,19.5451612903226,21.3451612903226,26.1225806451613,23.6096774193548,26.0645161290323,16.7,16.1903225806452,17.3838709677419,Tournais
739,2085-01-01,21.6064516129032,22.2451612903226,24.4451612903226,26.3225806451613,27.2096774193548,29.7645161290323,17.5,17.4903225806452,19.4838709677419,Tournais
740,2086-01-01,21.9064516129032,21.0451612903226,20.9451612903226,26.9225806451613,25.4096774193548,25.5645161290323,17.2,17.0903225806452,16.8838709677419,Tournais
741,2087-01-01,21.7064516129032,21.3451612903226,21.1451612903226,27.0225806451613,26.3096774193548,26.4645161290323,16.8,16.6903225806452,16.0838709677419,Tournais
742,2088-01-01,21.5064516129032,20.4451612903226,18.4451612903226,26.9225806451613,25.0096774193548,22.7645161290323,16.6,16.5903225806452,14.7838709677419,Tournais
743,2089-01-01,22.5064516129032,22.8451612903226,22.1451612903226,27.6225806451613,27.7096774193548,26.9645161290323,17.9,18.2903225806452,17.7838709677419,Tournais
744,2090-01-01,23.4064516129032,19.4451612903226,21.9451612903226,27.8225806451613,23.5096774193548,27.3645161290323,19.6,15.8903225806452,16.7838709677419,Tournais
745,2091-01-01,21.7064516129032,19.6451612903226,20.0451612903226,26.5225806451613,23.6096774193548,24.1645161290323,17.5,16.2903225806452,16.9838709677419,Tournais
746,2092-01-01,21.5064516129032,20.0451612903226,20.5451612903226,26.3225806451613,24.4096774193548,24.5645161290323,17.2,16.0903225806452,17.0838709677419,Tournais
747,2093-01-01,21.0064516129032,21.5451612903226,23.4451612903226,26.4225806451613,26.8096774193548,28.9645161290323,16.1,16.5903225806452,18.3838709677419,Tournais
748,2094-01-01,21.5064516129032,22.4451612903226,21.1451612903226,26.5225806451613,27.9096774193548,25.4645161290323,17.1,17.2903225806452,17.3838709677419,Tournais
749,2095-01-01,21.9064516129032,21.8451612903226,22.8451612903226,27.2225806451613,26.4096774193548,27.5645161290323,17.3,17.6903225806452,19.0838709677419,Tournais
750,2096-01-01,22.1064516129032,20.7451612903226,21.5451612903226,27.0225806451613,25.4096774193548,26.7645161290323,17.7,16.7903225806452,16.7838709677419,Tournais
751,2097-01-01,21.4064516129032,20.4451612903226,21.7451612903226,26.1225806451613,24.8096774193548,26.2645161290323,17.0,16.4903225806452,17.6838709677419,Tournais
752,2098-01-01,22.1064516129032,22.2451612903226,21.4451612903226,26.7225806451613,26.9096774193548,25.6645161290323,18.2,17.9903225806452,17.6838709677419,Tournais
753,2099-01-01,21.3064516129032,22.0451612903226,21.6451612903226,26.0225806451613,26.7096774193548,26.3645161290323,17.5,18.0903225806452,17.3838709677419,Tournais
754,2100-01-01,21.5064516129032,22.2451612903226,22.2451612903226,26.0225806451613,27.4096774193548,27.0645161290323,17.8,17.0903225806452,17.9838709677419,Tournais
